cluster_id,text
0,METHOD=POST PATH=/txual.php QUERY= PROTOCOL=HTTP/1.1
0,METHOD=POST PATH=/plus/90sec.php QUERY= PROTOCOL=HTTP/1.1
0,METHOD=POST PATH=/ysyqq.php QUERY= PROTOCOL=HTTP/1.1
1,METHOD=GET PATH=/twitter-icon.png QUERY= PROTOCOL=HTTP/1.1
1,METHOD=GET PATH=/twitter-icon.png QUERY= PROTOCOL=HTTP/1.1
1,METHOD=GET PATH=/twitter-icon.png QUERY= PROTOCOL=HTTP/1.1
2,METHOD=GET PATH=/ QUERY= PROTOCOL=HTTP/1.1
2,METHOD=GET PATH=/ QUERY= PROTOCOL=HTTP/1.1
2,METHOD=GET PATH=/ QUERY= PROTOCOL=HTTP/1.1
3,METHOD=GET PATH=/self.logs/error.log.2020-02-13.gz QUERY= PROTOCOL=HTTP/1.1
3,METHOD=GET PATH=/self.logs/error.log.2017-07-10.gz QUERY= PROTOCOL=HTTP/1.1
3,METHOD=GET PATH=/self.logs/error.log.2021-10-03.gz QUERY= PROTOCOL=HTTP/1.1
4,METHOD=GET PATH=/Datasets%20Description/Network/ QUERY=C=N;O=A PROTOCOL=HTTP/1.1
4,METHOD=GET PATH=/Datasets%20Description/Network/dns.html QUERY= PROTOCOL=HTTP/1.1
4,METHOD=GET PATH=/Datasets%20Description/Network/dns.html QUERY= PROTOCOL=HTTP/1.1
5,METHOD=GET PATH=/robots.txt QUERY= PROTOCOL=HTTP/1.1
5,METHOD=GET PATH=/robots.txt QUERY= PROTOCOL=HTTP/1.1
5,METHOD=GET PATH=/robots.txt QUERY= PROTOCOL=HTTP/1.1
6,METHOD=GET PATH=/self.logs/access.log.2019-01-08.gz QUERY= PROTOCOL=HTTP/1.1
6,METHOD=GET PATH=/self.logs/access.log.2021-06-17.gz QUERY= PROTOCOL=HTTP/1.1
6,METHOD=GET PATH=/self.logs/access.log.2017-06-01.gz QUERY= PROTOCOL=HTTP/1.1
7,METHOD=GET PATH=/css/style.css QUERY= PROTOCOL=HTTP/1.1
7,METHOD=GET PATH=/css/style.css QUERY= PROTOCOL=HTTP/1.1
7,METHOD=GET PATH=/css/style.css QUERY= PROTOCOL=HTTP/1.1
8,METHOD=GET PATH=/self.logs/2016/ QUERY=C=D;O=A PROTOCOL=HTTP/1.1
8,METHOD=GET PATH=/self.logs/ QUERY=C=S;O=A PROTOCOL=HTTP/1.1
8,METHOD=GET PATH=/self.logs/ QUERY=C=S;O=A PROTOCOL=HTTP/1.1
9,METHOD=POST PATH=/utility/convert/index.php QUERY=a=config&source=d7.2_x2.0 PROTOCOL=HTTP/1.1
9,METHOD=GET PATH=/sites/all/libraries/elfinder/elfinder.php.html QUERY= PROTOCOL=HTTP/1.1
9,METHOD=GET PATH=/index.php QUERY=m=member&c=index&a=register&siteid=1 PROTOCOL=HTTP/1.1
10,METHOD=GET PATH=/GitHub-Mark.png QUERY= PROTOCOL=HTTP/1.1
10,METHOD=GET PATH=/GitHub-Mark.png QUERY= PROTOCOL=HTTP/1.1
10,METHOD=GET PATH=/GitHub-Mark.png QUERY= PROTOCOL=HTTP/1.1
11,METHOD=GET PATH=/bootstrap/img/favicon.ico QUERY= PROTOCOL=HTTP/1.1
11,METHOD=GET PATH=/bootstrap/img/favicon.ico QUERY= PROTOCOL=HTTP/1.1
11,METHOD=GET PATH=/bootstrap/img/favicon.ico QUERY= PROTOCOL=HTTP/1.1
