row_idx,text,pred_label,max_prob,prob_threshold,dist_to_pred_centroid,class_distance_threshold,is_unknown,final_label,reject_reason,unknown_pool_type,auto_pool_reason,manual_pool,manual_true_label,notes
63,"GET /GitHub-Mark.png HTTP/1.1 STATUS=200 BYTES=7533 REF=""http://www.secrepo.com/"" UA=""Mozilla/5.0 (Macintosh; Intel Mac OS X 10_15_7) AppleWebKit/605.1.15 (KHTML, like Gecko) Version/15.0 Safari/605.1.15""",benign,0.6121730804443359,0.6156849563121796,5.351927280426025,5.838057994842529,1,unknown,low_confidence,needs_review,uncertain,,,
64,"GET /twitter-icon.png HTTP/1.1 STATUS=200 BYTES=27893 REF=""http://www.secrepo.com/"" UA=""Mozilla/5.0 (Macintosh; Intel Mac OS X 10_15_7) AppleWebKit/605.1.15 (KHTML, like Gecko) Version/15.0 Safari/605.1.15""",benign,0.5934670567512512,0.6156849563121796,5.24959659576416,5.838057994842529,1,unknown,low_confidence,needs_review,uncertain,,,
65,"GET /bootstrap/img/favicon.ico HTTP/1.1 STATUS=200 BYTES=713 REF=""http://www.secrepo.com/"" UA=""Mozilla/5.0 (Macintosh; Intel Mac OS X 10_15_7) AppleWebKit/605.1.15 (KHTML, like Gecko) Version/15.0 Safari/605.1.15""",benign,0.5963469743728638,0.6156849563121796,5.469422817230225,5.838057994842529,1,unknown,low_confidence,needs_review,uncertain,,,
95,"GET /GitHub-Mark.png HTTP/1.1 STATUS=200 BYTES=7556 UA=""Mozilla/5.0 (Windows NT 10.0; Win64; x64; rv:93.0) Gecko/20100101 Firefox/93.0,gzip(gfe)""",benign,0.5248469114303589,0.6156849563121796,5.629185676574707,5.838057994842529,1,unknown,low_confidence,needs_review,uncertain,,,
96,"GET /twitter-icon.png HTTP/1.1 STATUS=200 BYTES=27916 UA=""Mozilla/5.0 (Windows NT 10.0; Win64; x64; rv:93.0) Gecko/20100101 Firefox/93.0,gzip(gfe)""",benign,0.4984128475189209,0.6156849563121796,5.457247734069824,5.838057994842529,1,unknown,low_confidence,needs_review,uncertain,,,
97,"GET /bootstrap/img/favicon.ico HTTP/1.1 STATUS=200 BYTES=713 UA=""Mozilla/5.0 (Windows NT 10.0; Win64; x64; rv:93.0) Gecko/20100101 Firefox/93.0,gzip(gfe)""",benign,0.5262460112571716,0.6156849563121796,5.618788719177246,5.838057994842529,1,unknown,low_confidence,needs_review,uncertain,,,
99,"GET /Security-Data-Analysis/Lab_1/conn.log.zip HTTP/1.1 STATUS=200 BYTES=78880 UA=""Mozilla/5.0 (Windows NT 10.0; Win64; x64) AppleWebKit/537.36 (KHTML, like Gecko) Chrome/94.0.4606.81 Safari/537.36""",benign,0.5242781639099121,0.6156849563121796,6.104105472564697,5.838057994842529,1,unknown,low_confidence+far_from_centroid,needs_review,uncertain,,,
101,"GET /Security-Data-Analysis/Lab_1/conn.log.zip HTTP/1.1 STATUS=206 BYTES=447 UA=""Mozilla/5.0 (Windows NT 10.0; Win64; x64) AppleWebKit/537.36 (KHTML, like Gecko) Chrome/94.0.4606.81 Safari/537.36""",benign,0.4684975445270538,0.6156849563121796,6.364883899688721,5.838057994842529,1,unknown,low_confidence+far_from_centroid,needs_review,uncertain,,,
102,"GET /Security-Data-Analysis/Lab_1/conn.log.zip HTTP/1.1 STATUS=206 BYTES=78880 UA=""Mozilla/5.0 (Windows NT 10.0; Win64; x64) AppleWebKit/537.36 (KHTML, like Gecko) Chrome/94.0.4606.81 Safari/537.36""",benign,0.4692809283733368,0.6156849563121796,6.353158473968506,5.838057994842529,1,unknown,low_confidence+far_from_centroid,needs_review,uncertain,,,
103,"GET /Security-Data-Analysis/Lab_1/conn.log.zip HTTP/1.1 STATUS=206 BYTES=447 UA=""Mozilla/5.0 (Windows NT 10.0; Win64; x64) AppleWebKit/537.36 (KHTML, like Gecko) Chrome/94.0.4606.81 Safari/537.36""",benign,0.4684975445270538,0.6156849563121796,6.364883899688721,5.838057994842529,1,unknown,low_confidence+far_from_centroid,needs_review,uncertain,,,
104,"GET /Security-Data-Analysis/Lab_1/conn.log.zip HTTP/1.1 STATUS=200 BYTES=78880 UA=""Mozilla/5.0 (Windows NT 10.0; Win64; x64) AppleWebKit/537.36 (KHTML, like Gecko) Chrome/94.0.4606.81 Safari/537.36""",benign,0.5242781639099121,0.6156849563121796,6.104105472564697,5.838057994842529,1,unknown,low_confidence+far_from_centroid,needs_review,uncertain,,,
107,"GET /GitHub-Mark.png HTTP/1.1 STATUS=200 BYTES=7556 UA=""Mozilla/5.0 (Windows NT 10.0; Win64; x64; rv:78.0) Gecko/20100101 Firefox/78.0""",benign,0.581573486328125,0.6156849563121796,5.288527488708496,5.838057994842529,1,unknown,low_confidence,needs_review,uncertain,,,
108,"GET /twitter-icon.png HTTP/1.1 STATUS=200 BYTES=27916 UA=""Mozilla/5.0 (Windows NT 10.0; Win64; x64; rv:78.0) Gecko/20100101 Firefox/78.0""",benign,0.5647561550140381,0.6156849563121796,5.051795482635498,5.838057994842529,1,unknown,low_confidence,needs_review,uncertain,,,
115,"GET /twitter-icon.png HTTP/1.1 STATUS=200 BYTES=27893 REF=""http://www.secrepo.com/"" UA=""Mozilla/5.0 (X11; Linux x86_64; rv:78.0) Gecko/20100101 Firefox/78.0""",benign,0.499417096376419,0.6156849563121796,5.335513114929199,5.838057994842529,1,unknown,low_confidence,needs_review,uncertain,,,
116,"GET /GitHub-Mark.png HTTP/1.1 STATUS=200 BYTES=7556 REF=""http://www.secrepo.com/"" UA=""Mozilla/5.0 (X11; Linux x86_64; rv:78.0) Gecko/20100101 Firefox/78.0""",benign,0.5190090537071228,0.6156849563121796,5.477080345153809,5.838057994842529,1,unknown,low_confidence,needs_review,uncertain,,,
118,"GET /tg/a.zip HTTP/1.1 STATUS=200 BYTES=66189448 REF=""http://www.secrepo.com/"" UA=""Mozilla/5.0 (X11; Linux x86_64; rv:78.0) Gecko/20100101 Firefox/78.0""",benign,0.4506343603134155,0.6156849563121796,5.786597728729248,5.838057994842529,1,unknown,low_confidence,needs_review,uncertain,,,
121,"GET /favicon.ico HTTP/1.1 STATUS=304 BYTES=261 UA=""Mozilla/5.0 (Windows NT 10.0; WOW64) AppleWebKit/537.36 (KHTML, like Gecko) Chrome/86.0.4240.198 Safari/537.36""",benign,0.5366606712341309,0.6156849563121796,6.0595383644104,5.838057994842529,1,unknown,low_confidence+far_from_centroid,needs_review,uncertain,,,
127,"GET /twitter-icon.png HTTP/1.1 STATUS=200 BYTES=27916 REF=""http://www.secrepo.com/"" UA=""Mozilla/5.0 (iPhone; CPU iPhone OS 9_1 like Mac OS X) AppleWebKit/601.1.46 (KHTML, like Gecko) Version/9.0 Mobile/13B143 Safari/601.1""",benign,0.5483189821243286,0.6156849563121796,5.3682966232299805,5.838057994842529,1,unknown,low_confidence,needs_review,uncertain,,,
129,"GET /GitHub-Mark.png HTTP/1.1 STATUS=200 BYTES=7556 REF=""http://www.secrepo.com/"" UA=""Mozilla/5.0 (iPhone; CPU iPhone OS 9_1 like Mac OS X) AppleWebKit/601.1.46 (KHTML, like Gecko) Version/9.0 Mobile/13B143 Safari/601.1""",benign,0.5826343894004822,0.6156849563121796,5.574901103973389,5.838057994842529,1,unknown,low_confidence,needs_review,uncertain,,,
165,"GET /twitter-icon.png HTTP/1.1 STATUS=200 BYTES=27916 REF=""http://www.secrepo.com/"" UA=""Mozilla/5.0 (X11; Linux x86_64) AppleWebKit/537.36 (KHTML, like Gecko) Chrome/93.0.4577.82 Safari/537.36""",benign,0.518129825592041,0.6156849563121796,5.622493743896484,5.838057994842529,1,unknown,low_confidence,needs_review,uncertain,,,
166,"GET /GitHub-Mark.png HTTP/1.1 STATUS=200 BYTES=7556 REF=""http://www.secrepo.com/"" UA=""Mozilla/5.0 (X11; Linux x86_64) AppleWebKit/537.36 (KHTML, like Gecko) Chrome/93.0.4577.82 Safari/537.36""",benign,0.5456563830375671,0.6156849563121796,5.798810958862305,5.838057994842529,1,unknown,low_confidence,needs_review,uncertain,,,
167,"GET /bootstrap/img/favicon.ico HTTP/1.1 STATUS=200 BYTES=713 REF=""http://www.secrepo.com/"" UA=""Mozilla/5.0 (X11; Linux x86_64) AppleWebKit/537.36 (KHTML, like Gecko) Chrome/93.0.4577.82 Safari/537.36""",benign,0.5418524742126465,0.6156849563121796,5.779497623443604,5.838057994842529,1,unknown,low_confidence,needs_review,uncertain,,,
171,"GET /css/style.css HTTP/1.1 STATUS=404 BYTES=305 REF=""http://www.secrepo.com/"" UA=""Mozilla/5.0 (Macintosh; Intel Mac OS X 10_15_7) AppleWebKit/605.1.15 (KHTML, like Gecko) Version/15.0 Safari/605.1.15""",benign,0.4517264068126678,0.6156849563121796,6.138336658477783,5.838057994842529,1,unknown,low_confidence+far_from_centroid,needs_review,uncertain,,,
172,"GET /GitHub-Mark.png HTTP/1.1 STATUS=200 BYTES=7533 REF=""http://www.secrepo.com/"" UA=""Mozilla/5.0 (Macintosh; Intel Mac OS X 10_15_7) AppleWebKit/605.1.15 (KHTML, like Gecko) Version/15.0 Safari/605.1.15""",benign,0.6121731400489807,0.6156849563121796,5.351927280426025,5.838057994842529,1,unknown,low_confidence,needs_review,uncertain,,,
173,"GET /twitter-icon.png HTTP/1.1 STATUS=200 BYTES=27916 REF=""http://www.secrepo.com/"" UA=""Mozilla/5.0 (Macintosh; Intel Mac OS X 10_15_7) AppleWebKit/605.1.15 (KHTML, like Gecko) Version/15.0 Safari/605.1.15""",benign,0.5795320272445679,0.6156849563121796,5.21495532989502,5.838057994842529,1,unknown,low_confidence,needs_review,uncertain,,,
189,"GET /css/style.css HTTP/1.1 STATUS=404 BYTES=250 REF=""http://www.secrepo.com/"" UA=""Mozilla/5.0 (X11; Ubuntu; Linux x86_64; rv:93.0) Gecko/20100101 Firefox/93.0""",benign,0.4383845627307892,0.6156849563121796,5.785309314727783,5.838057994842529,1,unknown,low_confidence,needs_review,uncertain,,,
190,"GET /twitter-icon.png HTTP/1.1 STATUS=200 BYTES=27872 REF=""http://www.secrepo.com/"" UA=""Mozilla/5.0 (X11; Ubuntu; Linux x86_64; rv:93.0) Gecko/20100101 Firefox/93.0""",benign,0.5129883885383606,0.6156849563121796,5.346171855926514,5.838057994842529,1,unknown,low_confidence,needs_review,uncertain,,,
191,"GET /GitHub-Mark.png HTTP/1.1 STATUS=200 BYTES=7512 REF=""http://www.secrepo.com/"" UA=""Mozilla/5.0 (X11; Ubuntu; Linux x86_64; rv:93.0) Gecko/20100101 Firefox/93.0""",benign,0.5578454732894897,0.6156849563121796,5.331478118896484,5.838057994842529,1,unknown,low_confidence,needs_review,uncertain,,,
192,"GET /bootstrap/img/favicon.ico HTTP/1.1 STATUS=200 BYTES=635 REF=""http://www.secrepo.com/"" UA=""Mozilla/5.0 (X11; Ubuntu; Linux x86_64; rv:93.0) Gecko/20100101 Firefox/93.0""",benign,0.5114584565162659,0.6156849563121796,5.5478596687316895,5.838057994842529,1,unknown,low_confidence,needs_review,uncertain,,,
193,"GET /css/style.css HTTP/1.1 STATUS=404 BYTES=250 REF=""http://www.secrepo.com/"" UA=""Mozilla/5.0 (X11; Ubuntu; Linux x86_64; rv:93.0) Gecko/20100101 Firefox/93.0""",benign,0.4383845627307892,0.6156849563121796,5.785309314727783,5.838057994842529,1,unknown,low_confidence,needs_review,uncertain,,,
194,"GET /twitter-icon.png HTTP/1.1 STATUS=200 BYTES=27838 REF=""http://www.secrepo.com/"" UA=""Mozilla/5.0 (X11; Ubuntu; Linux x86_64; rv:93.0) Gecko/20100101 Firefox/93.0""",benign,0.4977953433990478,0.6156849563121796,5.486857891082764,5.838057994842529,1,unknown,low_confidence,needs_review,uncertain,,,
195,"GET /GitHub-Mark.png HTTP/1.1 STATUS=200 BYTES=7512 REF=""http://www.secrepo.com/"" UA=""Mozilla/5.0 (X11; Ubuntu; Linux x86_64; rv:93.0) Gecko/20100101 Firefox/93.0""",benign,0.557845413684845,0.6156849563121796,5.331478595733643,5.838057994842529,1,unknown,low_confidence,needs_review,uncertain,,,
210,"GET /twitter-icon.png HTTP/1.1 STATUS=200 BYTES=27893 REF=""http://www.secrepo.com/"" UA=""Mozilla/5.0 (iPhone; CPU iPhone OS 14_8 like Mac OS X) AppleWebKit/605.1.15 (KHTML, like Gecko) CriOS/94.0.4606.76 Mobile/15E148 Safari/604.1""",benign,0.5506523847579956,0.6156849563121796,5.371378421783447,5.838057994842529,1,unknown,low_confidence,needs_review,uncertain,,,
211,"GET /GitHub-Mark.png HTTP/1.1 STATUS=200 BYTES=7556 REF=""http://www.secrepo.com/"" UA=""Mozilla/5.0 (iPhone; CPU iPhone OS 14_8 like Mac OS X) AppleWebKit/605.1.15 (KHTML, like Gecko) CriOS/94.0.4606.76 Mobile/15E148 Safari/604.1""",benign,0.5643019080162048,0.6156849563121796,5.548198223114014,5.838057994842529,1,unknown,low_confidence,needs_review,uncertain,,,
271,"GET /twitter-icon.png HTTP/1.1 STATUS=200 BYTES=27893 REF=""http://www.secrepo.com/"" UA=""Mozilla/5.0 (Macintosh; Intel Mac OS X 10_13_6) AppleWebKit/537.36 (KHTML, like Gecko) Chrome/94.0.4606.81 Safari/537.36""",benign,0.6032894849777222,0.6156849563121796,5.373466968536377,5.838057994842529,1,unknown,low_confidence,needs_review,uncertain,,,
290,"GET /twitter-icon.png HTTP/1.1 STATUS=200 BYTES=27916 REF=""http://www.secrepo.com/"" UA=""Mozilla/5.0 (X11; Linux x86_64) AppleWebKit/537.36 (KHTML, like Gecko) Chrome/94.0.4606.81 Safari/537.36""",benign,0.5374423265457153,0.6156849563121796,5.5524067878723145,5.838057994842529,1,unknown,low_confidence,needs_review,uncertain,,,
291,"GET /GitHub-Mark.png HTTP/1.1 STATUS=200 BYTES=7556 REF=""http://www.secrepo.com/"" UA=""Mozilla/5.0 (X11; Linux x86_64) AppleWebKit/537.36 (KHTML, like Gecko) Chrome/94.0.4606.81 Safari/537.36""",benign,0.5665990114212036,0.6156849563121796,5.712504386901856,5.838057994842529,1,unknown,low_confidence,needs_review,uncertain,,,
292,"GET /bootstrap/img/favicon.ico HTTP/1.1 STATUS=200 BYTES=690 REF=""http://www.secrepo.com/"" UA=""Mozilla/5.0 (X11; Linux x86_64) AppleWebKit/537.36 (KHTML, like Gecko) Chrome/94.0.4606.81 Safari/537.36""",benign,0.5780936479568481,0.6156849563121796,5.575614929199219,5.838057994842529,1,unknown,low_confidence,needs_review,uncertain,,,
436,"GET /self.logs/access.log.2021-10-16.gz HTTP/1.1 STATUS=200 BYTES=27817 UA=""python-requests/2.12.1""",benign,0.5761271119117737,0.6156849563121796,3.4710021018981934,5.838057994842529,1,unknown,low_confidence,needs_review,uncertain,,,
439,"GET /twitter-icon.png HTTP/1.1 STATUS=200 BYTES=27916 REF=""http://www.secrepo.com/"" UA=""Mozilla/5.0 (iPhone; CPU iPhone OS 14_7_1 like Mac OS X) AppleWebKit/605.1.15 (KHTML, like Gecko) Version/14.1.2 Mobile/15E148 Safari/604.1""",benign,0.5306887626647949,0.6156849563121796,5.376784801483154,5.838057994842529,1,unknown,low_confidence,needs_review,uncertain,,,
440,"GET /GitHub-Mark.png HTTP/1.1 STATUS=200 BYTES=7556 REF=""http://www.secrepo.com/"" UA=""Mozilla/5.0 (iPhone; CPU iPhone OS 14_7_1 like Mac OS X) AppleWebKit/605.1.15 (KHTML, like Gecko) Version/14.1.2 Mobile/15E148 Safari/604.1""",benign,0.5654025673866272,0.6156849563121796,5.553749561309815,5.838057994842529,1,unknown,low_confidence,needs_review,uncertain,,,
468,"GET /self.logs/error.log.2019-04-23.gz HTTP/1.1 STATUS=304 BYTES=280 UA=""Mozilla/4.0 (compatible;)""",benign,0.6137318015098572,0.6156849563121796,3.9359986782073975,5.838057994842529,1,unknown,low_confidence,needs_review,uncertain,,,
470,"GET /Datasets HTTP/1.1 STATUS=404 BYTES=291 UA=""Mozilla/5.0 (Windows NT 6.0) AppleWebKit/537.36 (KHTML, like Gecko) Chrome/34.0.1847.116 Safari/537.36""",benign,0.5684236884117126,0.6156849563121796,5.630529403686523,5.838057994842529,1,unknown,low_confidence,needs_review,uncertain,,,
471,"GET /honeypot/Honeypot HTTP/1.1 STATUS=404 BYTES=291 UA=""Mozilla/5.0 (Windows NT 6.0) AppleWebKit/537.36 (KHTML, like Gecko) Chrome/34.0.1847.116 Safari/537.36""",benign,0.495920717716217,0.6156849563121796,5.850256443023682,5.838057994842529,1,unknown,low_confidence+far_from_centroid,needs_review,uncertain,,,
473,"GET /honeypot/BSidesDFW HTTP/1.1 STATUS=404 BYTES=291 UA=""Mozilla/5.0 (Windows NT 6.0) AppleWebKit/537.36 (KHTML, like Gecko) Chrome/34.0.1847.116 Safari/537.36""",benign,0.5029466152191162,0.6156849563121796,5.859116554260254,5.838057994842529,1,unknown,low_confidence+far_from_centroid,needs_review,uncertain,,,
477,"GET /twitter-icon.png HTTP/1.1 STATUS=200 BYTES=27916 REF=""http://www.secrepo.com/"" UA=""Mozilla/5.0 (Macintosh; Intel Mac OS X 10_15_7) AppleWebKit/537.36 (KHTML, like Gecko) Chrome/94.0.4606.61 Safari/537.36""",benign,0.5844029188156128,0.6156849563121796,5.3602495193481445,5.838057994842529,1,unknown,low_confidence,needs_review,uncertain,,,
478,"GET /css/style.css HTTP/1.1 STATUS=404 BYTES=305 REF=""http://www.secrepo.com/"" UA=""Mozilla/5.0 (Macintosh; Intel Mac OS X 10_15_7) AppleWebKit/537.36 (KHTML, like Gecko) Chrome/94.0.4606.61 Safari/537.36""",benign,0.4546067416667938,0.6156849563121796,6.251378536224365,5.838057994842529,1,unknown,low_confidence+far_from_centroid,needs_review,uncertain,,,
479,"GET /GitHub-Mark.png HTTP/1.1 STATUS=200 BYTES=7533 REF=""http://www.secrepo.com/"" UA=""Mozilla/5.0 (Macintosh; Intel Mac OS X 10_15_7) AppleWebKit/537.36 (KHTML, like Gecko) Chrome/94.0.4606.61 Safari/537.36""",benign,0.6117238998413086,0.6156849563121796,5.539506912231445,5.838057994842529,1,unknown,low_confidence,needs_review,uncertain,,,
511,"GET /self.logs/ HTTP/1.1 STATUS=200 BYTES=32375 REF=""https://www.google.com/"" UA=""Mozilla/5.0 (Windows NT 6.2) AppleWebKit/537.36 (KHTML, like Gecko) Chrome/93.0.4577.82 Safari/537.36 OPR/79.0.4143.73""",benign,0.5372620820999146,0.6156849563121796,6.2907490730285645,5.838057994842529,1,unknown,low_confidence+far_from_centroid,needs_review,uncertain,,,
513,"GET /self.logs/access.log.2017-01-08.gz HTTP/1.1 STATUS=200 BYTES=14947 REF=""http://www.secrepo.com/self.logs/"" UA=""Mozilla/5.0 (Windows NT 6.2) AppleWebKit/537.36 (KHTML, like Gecko) Chrome/93.0.4577.82 Safari/537.36 OPR/79.0.4143.73""",benign,0.5283353328704834,0.6156849563121796,6.593895435333252,5.838057994842529,1,unknown,low_confidence+far_from_centroid,needs_review,uncertain,,,
514,"GET /self.logs/error.log.2021-10-02.gz HTTP/1.1 STATUS=200 BYTES=2761 REF=""http://www.secrepo.com/self.logs/"" UA=""Mozilla/5.0 (Windows NT 6.2) AppleWebKit/537.36 (KHTML, like Gecko) Chrome/93.0.4577.82 Safari/537.36 OPR/79.0.4143.73""",benign,0.508429229259491,0.6156849563121796,6.562271118164063,5.838057994842529,1,unknown,low_confidence+far_from_centroid,needs_review,uncertain,,,
515,"GET /self.logs/error.log.2021-07-03 HTTP/1.1 STATUS=200 BYTES=5339 REF=""http://www.secrepo.com/self.logs/"" UA=""Mozilla/5.0 (Windows NT 6.2) AppleWebKit/537.36 (KHTML, like Gecko) Chrome/93.0.4577.82 Safari/537.36 OPR/79.0.4143.73""",benign,0.5301358103752136,0.6156849563121796,6.500107288360596,5.838057994842529,1,unknown,low_confidence+far_from_centroid,needs_review,uncertain,,,
535,"GET /Security-Data-Analysis/Lab_1/conn.log.zip HTTP/1.1 STATUS=200 BYTES=1633740 REF=""http://www.secrepo.com/"" UA=""Mozilla/5.0 (Macintosh; Intel Mac OS X 10_13_4) AppleWebKit/537.36 (KHTML, like Gecko) Chrome/67.0.3396.87 Safari/537.36""",benign,0.5170584321022034,0.6156849563121796,5.6750664710998535,5.838057994842529,1,unknown,low_confidence,needs_review,uncertain,,,
541,"GET /GitHub-Mark.png HTTP/1.1 STATUS=200 BYTES=7533 REF=""http://www.secrepo.com/"" UA=""Mozilla/5.0 (Macintosh; Intel Mac OS X 10_15_7) AppleWebKit/537.36 (KHTML, like Gecko) Chrome/95.0.4638.54 Safari/537.36""",benign,0.5585704445838928,0.6156849563121796,5.800191402435303,5.838057994842529,1,unknown,low_confidence,needs_review,uncertain,,,
542,"GET /twitter-icon.png HTTP/1.1 STATUS=200 BYTES=27893 REF=""http://www.secrepo.com/"" UA=""Mozilla/5.0 (Macintosh; Intel Mac OS X 10_15_7) AppleWebKit/537.36 (KHTML, like Gecko) Chrome/95.0.4638.54 Safari/537.36""",benign,0.5437700152397156,0.6156849563121796,5.663499355316162,5.838057994842529,1,unknown,low_confidence,needs_review,uncertain,,,
543,"GET /bootstrap/img/favicon.ico HTTP/1.1 STATUS=200 BYTES=690 REF=""http://www.secrepo.com/"" UA=""Mozilla/5.0 (Macintosh; Intel Mac OS X 10_15_7) AppleWebKit/537.36 (KHTML, like Gecko) Chrome/95.0.4638.54 Safari/537.36""",benign,0.5659781098365784,0.6156849563121796,5.7643327713012695,5.838057994842529,1,unknown,low_confidence,needs_review,uncertain,,,
545,"GET /e/data/js/ajax.js HTTP/1.1 STATUS=404 BYTES=328 UA=""Mozilla/5.0 (Windows NT 10.0; WOW64; rv:48.0) Gecko/20100101 Firefox/48.0""",benign,0.5001378059387207,0.6156849563121796,5.708086490631104,5.838057994842529,1,unknown,low_confidence,needs_review,uncertain,,,
558,"GET /twitter-icon.png HTTP/1.1 STATUS=200 BYTES=27926 REF=""http://www.secrepo.com/"" UA=""Mozilla/5.0 (iPhone; CPU iPhone OS 16_2 like Mac OS X) AppleWebKit/605.1.15 (KHTML, like Gecko) Version/16.2 Mobile/15E148 Safari/604.1""",benign,0.5224063992500305,0.6156849563121796,5.48264741897583,5.838057994842529,1,unknown,low_confidence,needs_review,uncertain,,,
560,"GET /GitHub-Mark.png HTTP/1.1 STATUS=200 BYTES=7543 REF=""http://www.secrepo.com/"" UA=""Mozilla/5.0 (iPhone; CPU iPhone OS 16_2 like Mac OS X) AppleWebKit/605.1.15 (KHTML, like Gecko) Version/16.2 Mobile/15E148 Safari/604.1""",benign,0.5688447952270508,0.6156849563121796,5.543100833892822,5.838057994842529,1,unknown,low_confidence,needs_review,uncertain,,,
561,"GET /twitter-icon.png HTTP/1.1 STATUS=200 BYTES=27926 REF=""http://www.secrepo.com/"" UA=""Mozilla/5.0 (iPhone; CPU iPhone OS 16_2 like Mac OS X) AppleWebKit/605.1.15 (KHTML, like Gecko) Version/16.2 Mobile/15E148 Safari/604.1""",benign,0.5224063992500305,0.6156849563121796,5.48264741897583,5.838057994842529,1,unknown,low_confidence,needs_review,uncertain,,,
605,"GET /twitter-icon.png HTTP/1.1 STATUS=200 BYTES=27926 REF=""http://www.secrepo.com/"" UA=""Mozilla/5.0 (X11; Linux x86_64) AppleWebKit/537.36 (KHTML, like Gecko) Chrome/107.0.0.0 Safari/537.36""",benign,0.5254285335540771,0.6156849563121796,5.636560916900635,5.838057994842529,1,unknown,low_confidence,needs_review,uncertain,,,
606,"GET /GitHub-Mark.png HTTP/1.1 STATUS=200 BYTES=7543 REF=""http://www.secrepo.com/"" UA=""Mozilla/5.0 (X11; Linux x86_64) AppleWebKit/537.36 (KHTML, like Gecko) Chrome/107.0.0.0 Safari/537.36""",benign,0.5779250264167786,0.6156849563121796,5.6633620262146,5.838057994842529,1,unknown,low_confidence,needs_review,uncertain,,,
607,"GET /bootstrap/img/favicon.ico HTTP/1.1 STATUS=200 BYTES=700 REF=""http://www.secrepo.com/"" UA=""Mozilla/5.0 (X11; Linux x86_64) AppleWebKit/537.36 (KHTML, like Gecko) Chrome/107.0.0.0 Safari/537.36""",benign,0.5559925436973572,0.6156849563121796,5.69883394241333,5.838057994842529,1,unknown,low_confidence,needs_review,uncertain,,,
615,"GET /twitter-icon.png HTTP/1.1 STATUS=200 BYTES=27903 REF=""http://www.secrepo.com/"" UA=""Mozilla/5.0 (Macintosh; Intel Mac OS X 10_15_7) AppleWebKit/537.36 (KHTML, like Gecko) Chrome/108.0.0.0 Safari/537.36""",benign,0.5874682068824768,0.6156849563121796,5.345388412475586,5.838057994842529,1,unknown,low_confidence,needs_review,uncertain,,,
616,"GET /GitHub-Mark.png HTTP/1.1 STATUS=200 BYTES=7566 REF=""http://www.secrepo.com/"" UA=""Mozilla/5.0 (Macintosh; Intel Mac OS X 10_15_7) AppleWebKit/537.36 (KHTML, like Gecko) Chrome/108.0.0.0 Safari/537.36""",benign,0.6105454564094543,0.6156849563121796,5.544976234436035,5.838057994842529,1,unknown,low_confidence,needs_review,uncertain,,,
617,"GET /bootstrap/img/favicon.ico HTTP/1.1 STATUS=200 BYTES=700 REF=""http://www.secrepo.com/"" UA=""Mozilla/5.0 (Macintosh; Intel Mac OS X 10_15_7) AppleWebKit/537.36 (KHTML, like Gecko) Chrome/108.0.0.0 Safari/537.36""",benign,0.6020228862762451,0.6156849563121796,5.615975379943848,5.838057994842529,1,unknown,low_confidence,needs_review,uncertain,,,
638,"GET /Security-Data-Analysis/Lab_1/conn.log.zip HTTP/1.1 STATUS=200 BYTES=78840 UA=""Mozilla/5.0 (Windows NT 10.0; Win64; x64) AppleWebKit/537.36 (KHTML, like Gecko) Chrome/108.0.0.0 Safari/537.36""",benign,0.5033739805221558,0.6156849563121796,6.131566047668457,5.838057994842529,1,unknown,low_confidence+far_from_centroid,needs_review,uncertain,,,
639,"GET /Security-Data-Analysis/Lab_1/conn.log.zip HTTP/1.1 STATUS=206 BYTES=457 UA=""Mozilla/5.0 (Windows NT 10.0; Win64; x64) AppleWebKit/537.36 (KHTML, like Gecko) Chrome/108.0.0.0 Safari/537.36""",benign,0.456229418516159,0.6156849563121796,6.404678821563721,5.838057994842529,1,unknown,low_confidence+far_from_centroid,needs_review,uncertain,,,
640,"GET /Security-Data-Analysis/Lab_1/conn.log.zip HTTP/1.1 STATUS=206 BYTES=78840 UA=""Mozilla/5.0 (Windows NT 10.0; Win64; x64) AppleWebKit/537.36 (KHTML, like Gecko) Chrome/108.0.0.0 Safari/537.36""",benign,0.4466396570205688,0.6156849563121796,6.382026672363281,5.838057994842529,1,unknown,low_confidence+far_from_centroid,needs_review,uncertain,,,
641,"GET /Security-Data-Analysis/Lab_1/conn.log.zip HTTP/1.1 STATUS=206 BYTES=457 UA=""Mozilla/5.0 (Windows NT 10.0; Win64; x64) AppleWebKit/537.36 (KHTML, like Gecko) Chrome/108.0.0.0 Safari/537.36""",benign,0.4562295079231262,0.6156849563121796,6.404678821563721,5.838057994842529,1,unknown,low_confidence+far_from_centroid,needs_review,uncertain,,,
642,"GET /Security-Data-Analysis/Lab_1/conn.log.zip HTTP/1.1 STATUS=206 BYTES=78840 UA=""Mozilla/5.0 (Windows NT 10.0; Win64; x64) AppleWebKit/537.36 (KHTML, like Gecko) Chrome/108.0.0.0 Safari/537.36""",benign,0.4466396570205688,0.6156849563121796,6.382026672363281,5.838057994842529,1,unknown,low_confidence+far_from_centroid,needs_review,uncertain,,,
644,"GET /twitter-icon.png HTTP/1.1 STATUS=200 BYTES=27926 REF=""http://www.secrepo.com/"" UA=""Mozilla/5.0 (Linux; Android 12; EB2101) AppleWebKit/537.36 (KHTML, like Gecko) Chrome/108.0.0.0 Mobile Safari/537.36""",benign,0.4849998652935028,0.6156849563121796,6.02593469619751,5.838057994842529,1,unknown,low_confidence+far_from_centroid,needs_review,uncertain,,,
645,"GET /GitHub-Mark.png HTTP/1.1 STATUS=200 BYTES=7543 REF=""http://www.secrepo.com/"" UA=""Mozilla/5.0 (Linux; Android 12; EB2101) AppleWebKit/537.36 (KHTML, like Gecko) Chrome/108.0.0.0 Mobile Safari/537.36""",benign,0.5273392796516418,0.6156849563121796,6.072178840637207,5.838057994842529,1,unknown,low_confidence+far_from_centroid,needs_review,uncertain,,,
646,"GET /bootstrap/img/favicon.ico HTTP/1.1 STATUS=200 BYTES=700 REF=""http://www.secrepo.com/"" UA=""Mozilla/5.0 (Linux; Android 12; EB2101) AppleWebKit/537.36 (KHTML, like Gecko) Chrome/108.0.0.0 Mobile Safari/537.36""",benign,0.5106740593910217,0.6156849563121796,6.170875072479248,5.838057994842529,1,unknown,low_confidence+far_from_centroid,needs_review,uncertain,,,
702,"GET /bootstrap/img/favicon.ico HTTP/1.1 STATUS=200 BYTES=679 UA=""Mozilla/5.0 (compatible; Embedly/0.2; snap; +http://support.embed.ly/)""",benign,0.5084534883499146,0.6156849563121796,4.716971397399902,5.838057994842529,1,unknown,low_confidence,needs_review,uncertain,,,
703,"HEAD /bootstrap/img/favicon.ico HTTP/1.1 STATUS=200 BYTES=405 UA=""-""",benign,0.579908013343811,0.6156849563121796,2.7330336570739746,5.838057994842529,1,unknown,low_confidence,needs_review,uncertain,,,
704,"GET /bootstrap/img/favicon.ico HTTP/1.1 STATUS=200 BYTES=700 UA=""Notion/1.0 (https://notion.so; team@makenotion.com)""",benign,0.5667014122009277,0.6156849563121796,4.123559474945068,5.838057994842529,1,unknown,low_confidence,needs_review,uncertain,,,
707,"HEAD /bootstrap/img/favicon.ico HTTP/1.1 STATUS=200 BYTES=405 UA=""-""",benign,0.5799079537391663,0.6156849563121796,2.733034372329712,5.838057994842529,1,unknown,low_confidence,needs_review,uncertain,,,
708,"GET /bootstrap/img/favicon.ico HTTP/1.1 STATUS=200 BYTES=700 UA=""Notion/1.0 (https://notion.so; team@makenotion.com)""",benign,0.5667014122009277,0.6156849563121796,4.123559474945068,5.838057994842529,1,unknown,low_confidence,needs_review,uncertain,,,
721,"GET /twitter-icon.png HTTP/1.1 STATUS=200 BYTES=27926 REF=""http://www.secrepo.com/"" UA=""Mozilla/5.0 (Macintosh; Intel Mac OS X 10_15_7) AppleWebKit/537.36 (KHTML, like Gecko) Chrome/108.0.0.0 Safari/537.36""",benign,0.5773446559906006,0.6156849563121796,5.422239780426025,5.838057994842529,1,unknown,low_confidence,needs_review,uncertain,,,
722,"GET /bootstrap/img/favicon.ico HTTP/1.1 STATUS=304 BYTES=263 REF=""http://www.secrepo.com/"" UA=""Mozilla/5.0 (Macintosh; Intel Mac OS X 10_15_7) AppleWebKit/537.36 (KHTML, like Gecko) Chrome/108.0.0.0 Safari/537.36""",benign,0.4953069686889648,0.6156849563121796,6.0906243324279785,5.838057994842529,1,unknown,low_confidence+far_from_centroid,needs_review,uncertain,,,
729,"GET /maccdc2012/smtp.log.gz HTTP/1.1 STATUS=200 BYTES=6943 UA=""Mozilla/5.0 (Windows NT 10.0; Win64; x64) AppleWebKit/537.36 (KHTML, like Gecko) Chrome/85.0.4183.121 Safari/537.36""",benign,0.6116161346435547,0.6156849563121796,6.2112345695495605,5.838057994842529,1,unknown,low_confidence+far_from_centroid,needs_review,uncertain,,,
730,"GET /maccdc2012/ssh.log.gz HTTP/1.1 STATUS=200 BYTES=182554 UA=""Mozilla/5.0 (Windows NT 10.0; Win64; x64) AppleWebKit/537.36 (KHTML, like Gecko) Chrome/85.0.4183.121 Safari/537.36""",benign,0.6539546847343445,0.6156849563121796,6.129763126373291,5.838057994842529,1,unknown,far_from_centroid,needs_review,uncertain,,,
731,"GET /maccdc2012/ssl.log.gz HTTP/1.1 STATUS=200 BYTES=379600 UA=""Mozilla/5.0 (Windows NT 10.0; Win64; x64) AppleWebKit/537.36 (KHTML, like Gecko) Chrome/85.0.4183.121 Safari/537.36""",benign,0.609484851360321,0.6156849563121796,6.163204669952393,5.838057994842529,1,unknown,low_confidence+far_from_centroid,needs_review,uncertain,,,
732,"GET /maccdc2012/conn.log.gz HTTP/1.1 STATUS=200 BYTES=432160 UA=""Mozilla/5.0 (Windows NT 10.0; Win64; x64) AppleWebKit/537.36 (KHTML, like Gecko) Chrome/85.0.4183.121 Safari/537.36""",benign,0.5838085412979126,0.6156849563121796,6.204470157623291,5.838057994842529,1,unknown,low_confidence+far_from_centroid,needs_review,uncertain,,,
733,"GET /maccdc2012/dhcp.log.gz HTTP/1.1 STATUS=200 BYTES=44987 UA=""Mozilla/5.0 (Windows NT 10.0; Win64; x64) AppleWebKit/537.36 (KHTML, like Gecko) Chrome/85.0.4183.121 Safari/537.36""",benign,0.6302804350852966,0.6156849563121796,6.197100162506104,5.838057994842529,1,unknown,far_from_centroid,needs_review,uncertain,,,
734,"GET /maccdc2012/dns.log.gz HTTP/1.1 STATUS=200 BYTES=3860240 UA=""Mozilla/5.0 (Windows NT 10.0; Win64; x64) AppleWebKit/537.36 (KHTML, like Gecko) Chrome/85.0.4183.121 Safari/537.36""",benign,0.6148884892463684,0.6156849563121796,6.244673252105713,5.838057994842529,1,unknown,low_confidence+far_from_centroid,needs_review,uncertain,,,
777,"GET /e/data/js/ajax.js HTTP/1.1 STATUS=404 BYTES=338 UA=""Mozilla/5.0 (Windows NT 10.0; WOW64; rv:48.0) Gecko/20100101 Firefox/48.0""",benign,0.5160962343215942,0.6156849563121796,5.573314189910889,5.838057994842529,1,unknown,low_confidence,needs_review,uncertain,,,
803,"GET /twitter-icon.png HTTP/1.1 STATUS=200 BYTES=27903 REF=""http://www.secrepo.com/"" UA=""Mozilla/5.0 (iPhone; CPU iPhone OS 16_2 like Mac OS X) AppleWebKit/605.1.15 (KHTML, like Gecko) Version/16.2 Mobile/15E148 Safari/604.1""",benign,0.5334362387657166,0.6156849563121796,5.382835865020752,5.838057994842529,1,unknown,low_confidence,needs_review,uncertain,,,
805,"GET /GitHub-Mark.png HTTP/1.1 STATUS=200 BYTES=7543 REF=""http://www.secrepo.com/"" UA=""Mozilla/5.0 (iPhone; CPU iPhone OS 16_2 like Mac OS X) AppleWebKit/605.1.15 (KHTML, like Gecko) Version/16.2 Mobile/15E148 Safari/604.1""",benign,0.5688447952270508,0.6156849563121796,5.543100833892822,5.838057994842529,1,unknown,low_confidence,needs_review,uncertain,,,
812,"GET /xxxss HTTP/1.1 STATUS=404 BYTES=338 UA=""Mozilla/5.0 (Windows NT 10.0; WOW64; rv:48.0) Gecko/20100101 Firefox/48.0""",benign,0.5224332809448242,0.6156849563121796,5.572461128234863,5.838057994842529,1,unknown,low_confidence,needs_review,uncertain,,,
857,"HEAD /restore/archive.zip HTTP/1.1 STATUS=301 BYTES=186 UA=""-""",benign,0.4895256757736206,0.6156849563121796,3.5612409114837646,5.838057994842529,1,unknown,low_confidence,needs_review,uncertain,,,
866,"HEAD /bak/backup.zip HTTP/1.1 STATUS=301 BYTES=181 UA=""-""",benign,0.574858546257019,0.6156849563121796,3.6484463214874263,5.838057994842529,1,unknown,low_confidence,needs_review,uncertain,,,
889,"HEAD /bak/website.zip HTTP/1.1 STATUS=301 BYTES=182 UA=""-""",benign,0.5158359408378601,0.6156849563121796,3.6913485527038574,5.838057994842529,1,unknown,low_confidence,needs_review,uncertain,,,
890,"HEAD /old/archive.zip HTTP/1.1 STATUS=301 BYTES=182 UA=""-""",benign,0.5105632543563843,0.6156849563121796,3.506253480911255,5.838057994842529,1,unknown,low_confidence,needs_review,uncertain,,,
899,"HEAD /secrepo.com.zip HTTP/1.1 STATUS=301 BYTES=182 UA=""-""",benign,0.5476239919662476,0.6156849563121796,3.37566351890564,5.838057994842529,1,unknown,low_confidence,needs_review,uncertain,,,
903,"HEAD /old/backup.zip HTTP/1.1 STATUS=301 BYTES=181 UA=""-""",benign,0.5625947713851929,0.6156849563121796,3.528994560241699,5.838057994842529,1,unknown,low_confidence,needs_review,uncertain,,,
909,"HEAD /backups/bak.zip HTTP/1.1 STATUS=301 BYTES=182 UA=""-""",benign,0.5552259087562561,0.6156849563121796,3.705904245376587,5.838057994842529,1,unknown,low_confidence,needs_review,uncertain,,,
919,"HEAD /back/mysql.sql HTTP/1.1 STATUS=404 BYTES=275 UA=""-""",benign,0.4854401051998138,0.6156849563121796,3.6789398193359375,5.838057994842529,1,unknown,low_confidence,needs_review,uncertain,,,
921,"HEAD /backups/website.zip HTTP/1.1 STATUS=301 BYTES=186 UA=""-""",benign,0.5413007736206055,0.6156849563121796,3.522702217102051,5.838057994842529,1,unknown,low_confidence,needs_review,uncertain,,,
928,"HEAD /backups/archive.zip HTTP/1.1 STATUS=301 BYTES=186 UA=""-""",benign,0.5588206052780151,0.6156849563121796,3.270501136779785,5.838057994842529,1,unknown,low_confidence,needs_review,uncertain,,,
941,"HEAD /back/website.tar HTTP/1.1 STATUS=404 BYTES=275 UA=""-""",benign,0.489920973777771,0.6156849563121796,3.66320276260376,5.838057994842529,1,unknown,low_confidence,needs_review,uncertain,,,
944,"HEAD /old/public_html.zip HTTP/1.1 STATUS=301 BYTES=186 UA=""-""",benign,0.5763729214668274,0.6156849563121796,3.173166275024414,5.838057994842529,1,unknown,low_confidence,needs_review,uncertain,,,
952,"HEAD /old/full_backup.zip HTTP/1.1 STATUS=301 BYTES=186 UA=""-""",benign,0.578095555305481,0.6156849563121796,3.248941421508789,5.838057994842529,1,unknown,low_confidence,needs_review,uncertain,,,
956,"HEAD /backups/backup.sql.zip HTTP/1.1 STATUS=301 BYTES=189 UA=""-""",benign,0.5673337578773499,0.6156849563121796,3.4026010036468506,5.838057994842529,1,unknown,low_confidence,needs_review,uncertain,,,
960,"HEAD /restore/directory.zip HTTP/1.1 STATUS=301 BYTES=188 UA=""-""",benign,0.4959149658679962,0.6156849563121796,3.6417369842529297,5.838057994842529,1,unknown,low_confidence,needs_review,uncertain,,,
979,"HEAD /back/Archive.zip HTTP/1.1 STATUS=301 BYTES=183 UA=""-""",benign,0.518287718296051,0.6156849563121796,3.5275723934173584,5.838057994842529,1,unknown,low_confidence,needs_review,uncertain,,,
988,"HEAD /bak/public_html.zip HTTP/1.1 STATUS=301 BYTES=186 UA=""-""",benign,0.5829163193702698,0.6156849563121796,3.189857244491577,5.838057994842529,1,unknown,low_confidence,needs_review,uncertain,,,
1003,"HEAD /backups/Archive.zip HTTP/1.1 STATUS=301 BYTES=186 UA=""-""",benign,0.5264031291007996,0.6156849563121796,3.4258129596710205,5.838057994842529,1,unknown,low_confidence,needs_review,uncertain,,,
1006,"HEAD /back/full_backup.zip HTTP/1.1 STATUS=301 BYTES=187 UA=""-""",benign,0.5750427842140198,0.6156849563121796,3.4206271171569824,5.838057994842529,1,unknown,low_confidence,needs_review,uncertain,,,
1014,"HEAD /www.tar.gz HTTP/1.1 STATUS=301 BYTES=177 UA=""-""",benign,0.5889427661895752,0.6156849563121796,3.373595714569092,5.838057994842529,1,unknown,low_confidence,needs_review,uncertain,,,
1020,"HEAD /back/secrepo.com.zip HTTP/1.1 STATUS=301 BYTES=187 UA=""-""",benign,0.5737650394439697,0.6156849563121796,3.224341630935669,5.838057994842529,1,unknown,low_confidence,needs_review,uncertain,,,
1023,"HEAD /old/wallet.zip HTTP/1.1 STATUS=301 BYTES=181 UA=""-""",benign,0.487763375043869,0.6156849563121796,3.746206283569336,5.838057994842529,1,unknown,low_confidence,needs_review,uncertain,,,
1025,"HEAD /backup.sql.zip HTTP/1.1 STATUS=301 BYTES=181 UA=""-""",benign,0.5967610478401184,0.6156849563121796,3.4712812900543213,5.838057994842529,1,unknown,low_confidence,needs_review,uncertain,,,
1032,"HEAD /bak/directory.rar HTTP/1.1 STATUS=404 BYTES=275 UA=""-""",benign,0.4929410815238952,0.6156849563121796,3.6712701320648193,5.838057994842529,1,unknown,low_confidence,needs_review,uncertain,,,
1042,"HEAD /back/latest.zip HTTP/1.1 STATUS=301 BYTES=182 UA=""-""",benign,0.5724064707756042,0.6156849563121796,3.392993211746216,5.838057994842529,1,unknown,low_confidence,needs_review,uncertain,,,
1055,"HEAD /backup/website.zip HTTP/1.1 STATUS=301 BYTES=185 UA=""-""",benign,0.5029485821723938,0.6156849563121796,3.7400970458984375,5.838057994842529,1,unknown,low_confidence,needs_review,uncertain,,,
1064,"HEAD /bak/bak.tar HTTP/1.1 STATUS=404 BYTES=275 UA=""-""",benign,0.4912984073162079,0.6156849563121796,3.848959684371948,5.838057994842529,1,unknown,low_confidence,needs_review,uncertain,,,
1071,"HEAD /bak/www.gz HTTP/1.1 STATUS=301 BYTES=177 UA=""-""",benign,0.5831923484802246,0.6156849563121796,3.588421583175659,5.838057994842529,1,unknown,low_confidence,needs_review,uncertain,,,
1084,"HEAD /restore/website.zip HTTP/1.1 STATUS=301 BYTES=186 UA=""-""",benign,0.4899221658706665,0.6156849563121796,3.726870059967041,5.838057994842529,1,unknown,low_confidence,needs_review,uncertain,,,
1090,"HEAD /back/backup.zip HTTP/1.1 STATUS=301 BYTES=182 UA=""-""",benign,0.5618945360183716,0.6156849563121796,3.7824161052703857,5.838057994842529,1,unknown,low_confidence,needs_review,uncertain,,,
1092,"HEAD /bak/public_html.tar HTTP/1.1 STATUS=404 BYTES=275 UA=""-""",benign,0.5108024477958679,0.6156849563121796,3.4114952087402344,5.838057994842529,1,unknown,low_confidence,needs_review,uncertain,,,
1094,"HEAD /back/secrepo.com.sql HTTP/1.1 STATUS=404 BYTES=275 UA=""-""",benign,0.4934558868408203,0.6156849563121796,3.434722661972046,5.838057994842529,1,unknown,low_confidence,needs_review,uncertain,,,
1105,"HEAD /backups/backup.zip HTTP/1.1 STATUS=301 BYTES=185 UA=""-""",benign,0.5242641568183899,0.6156849563121796,3.837146759033203,5.838057994842529,1,unknown,low_confidence,needs_review,uncertain,,,
1106,"HEAD /backup/bak.zip HTTP/1.1 STATUS=301 BYTES=181 UA=""-""",benign,0.5619008541107178,0.6156849563121796,3.825539588928223,5.838057994842529,1,unknown,low_confidence,needs_review,uncertain,,,
1128,"HEAD /restore/public_html.zip HTTP/1.1 STATUS=301 BYTES=190 UA=""-""",benign,0.5411345958709717,0.6156849563121796,3.219979286193848,5.838057994842529,1,unknown,low_confidence,needs_review,uncertain,,,
1152,"HEAD /back/wallet.zip HTTP/1.1 STATUS=301 BYTES=182 UA=""-""",benign,0.5123893618583679,0.6156849563121796,3.6661531925201416,5.838057994842529,1,unknown,low_confidence,needs_review,uncertain,,,
1169,"HEAD /bak/secrepo.com.sql HTTP/1.1 STATUS=404 BYTES=275 UA=""-""",benign,0.4779885411262512,0.6156849563121796,3.5575952529907227,5.838057994842529,1,unknown,low_confidence,needs_review,uncertain,,,
1173,"HEAD /backup/backup.sql.zip HTTP/1.1 STATUS=301 BYTES=188 UA=""-""",benign,0.588556170463562,0.6156849563121796,3.387777328491211,5.838057994842529,1,unknown,low_confidence,needs_review,uncertain,,,
1176,"HEAD /bak/secrepo.com.zip HTTP/1.1 STATUS=301 BYTES=186 UA=""-""",benign,0.5747424960136414,0.6156849563121796,3.2055397033691406,5.838057994842529,1,unknown,low_confidence,needs_review,uncertain,,,
1191,"HEAD /backup/archive.zip HTTP/1.1 STATUS=301 BYTES=185 UA=""-""",benign,0.5139286518096924,0.6156849563121796,3.6178154945373535,5.838057994842529,1,unknown,low_confidence,needs_review,uncertain,,,
1193,"HEAD /public_html.zip HTTP/1.1 STATUS=301 BYTES=182 UA=""-""",benign,0.5772197842597961,0.6156849563121796,3.219591856002808,5.838057994842529,1,unknown,low_confidence,needs_review,uncertain,,,
1210,"HEAD /bak/archive.zip HTTP/1.1 STATUS=301 BYTES=182 UA=""-""",benign,0.5293323993682861,0.6156849563121796,3.484238147735596,5.838057994842529,1,unknown,low_confidence,needs_review,uncertain,,,
1216,"HEAD /public_html.rar HTTP/1.1 STATUS=404 BYTES=275 UA=""-""",benign,0.4961921274662018,0.6156849563121796,3.528916597366333,5.838057994842529,1,unknown,low_confidence,needs_review,uncertain,,,
1218,"HEAD /backups/wallet.zip HTTP/1.1 STATUS=301 BYTES=185 UA=""-""",benign,0.4941528439521789,0.6156849563121796,3.6182069778442383,5.838057994842529,1,unknown,low_confidence,needs_review,uncertain,,,
1229,"HEAD /restore/bak.zip HTTP/1.1 STATUS=301 BYTES=182 UA=""-""",benign,0.5076736211776733,0.6156849563121796,3.844496726989746,5.838057994842529,1,unknown,low_confidence,needs_review,uncertain,,,
1231,"HEAD /back/public_html.tar HTTP/1.1 STATUS=404 BYTES=275 UA=""-""",benign,0.5415831804275513,0.6156849563121796,3.2774758338928223,5.838057994842529,1,unknown,low_confidence,needs_review,uncertain,,,
1235,"HEAD /bak/full_backup.zip HTTP/1.1 STATUS=301 BYTES=186 UA=""-""",benign,0.5742360949516296,0.6156849563121796,3.386193990707397,5.838057994842529,1,unknown,low_confidence,needs_review,uncertain,,,
1242,"HEAD /backup/backup.zip HTTP/1.1 STATUS=301 BYTES=184 UA=""-""",benign,0.5359574556350708,0.6156849563121796,3.817925930023194,5.838057994842529,1,unknown,low_confidence,needs_review,uncertain,,,
1246,"HEAD /back/secrepo.com.rar HTTP/1.1 STATUS=404 BYTES=275 UA=""-""",benign,0.5060117244720459,0.6156849563121796,3.480027675628662,5.838057994842529,1,unknown,low_confidence,needs_review,uncertain,,,
1256,"HEAD /full_backup.zip HTTP/1.1 STATUS=301 BYTES=182 UA=""-""",benign,0.5683634281158447,0.6156849563121796,3.4326157569885254,5.838057994842529,1,unknown,low_confidence,needs_review,uncertain,,,
1258,"HEAD /bak/backup.sql.zip HTTP/1.1 STATUS=301 BYTES=185 UA=""-""",benign,0.5824019312858582,0.6156849563121796,3.484387159347534,5.838057994842529,1,unknown,low_confidence,needs_review,uncertain,,,
1264,"HEAD /old/website.zip HTTP/1.1 STATUS=301 BYTES=182 UA=""-""",benign,0.5157503485679626,0.6156849563121796,3.65954852104187,5.838057994842529,1,unknown,low_confidence,needs_review,uncertain,,,
1273,"HEAD /directory.zip HTTP/1.1 STATUS=301 BYTES=180 UA=""-""",benign,0.5261967778205872,0.6156849563121796,3.5881025791168213,5.838057994842529,1,unknown,low_confidence,needs_review,uncertain,,,
1277,"HEAD /backups/latest.zip HTTP/1.1 STATUS=301 BYTES=185 UA=""-""",benign,0.5446486473083496,0.6156849563121796,3.4531238079071045,5.838057994842529,1,unknown,low_confidence,needs_review,uncertain,,,
1290,"HEAD /backup/public_html.zip HTTP/1.1 STATUS=301 BYTES=189 UA=""-""",benign,0.5850979089736938,0.6156849563121796,3.097787618637085,5.838057994842529,1,unknown,low_confidence,needs_review,uncertain,,,
1295,"HEAD /restore/backup.zip HTTP/1.1 STATUS=301 BYTES=185 UA=""-""",benign,0.5087007284164429,0.6156849563121796,3.776124954223633,5.838057994842529,1,unknown,low_confidence,needs_review,uncertain,,,
1309,"HEAD /public_html.tar HTTP/1.1 STATUS=404 BYTES=275 UA=""-""",benign,0.4853202402591705,0.6156849563121796,3.555626392364502,5.838057994842529,1,unknown,low_confidence,needs_review,uncertain,,,
1320,"HEAD /bak/public_html.rar HTTP/1.1 STATUS=404 BYTES=275 UA=""-""",benign,0.5214413404464722,0.6156849563121796,3.3779568672180176,5.838057994842529,1,unknown,low_confidence,needs_review,uncertain,,,
1322,"HEAD /old/directory.zip HTTP/1.1 STATUS=301 BYTES=184 UA=""-""",benign,0.5186781883239746,0.6156849563121796,3.5573110580444336,5.838057994842529,1,unknown,low_confidence,needs_review,uncertain,,,
1324,"HEAD /back/backup.sql.zip HTTP/1.1 STATUS=301 BYTES=186 UA=""-""",benign,0.61341792345047,0.6156849563121796,3.3996505737304688,5.838057994842529,1,unknown,low_confidence,needs_review,uncertain,,,
1326,"HEAD /backups/secrepo.com.zip HTTP/1.1 STATUS=301 BYTES=190 UA=""-""",benign,0.5771206617355347,0.6156849563121796,3.0880022048950195,5.838057994842529,1,unknown,low_confidence,needs_review,uncertain,,,
1335,"HEAD /backups/public_html.zip HTTP/1.1 STATUS=301 BYTES=190 UA=""-""",benign,0.6003207564353943,0.6156849563121796,2.983769655227661,5.838057994842529,1,unknown,low_confidence,needs_review,uncertain,,,
1337,"HEAD /backup/latest.zip HTTP/1.1 STATUS=301 BYTES=184 UA=""-""",benign,0.5593775510787964,0.6156849563121796,3.349189758300781,5.838057994842529,1,unknown,low_confidence,needs_review,uncertain,,,
1340,"HEAD /back/website.zip HTTP/1.1 STATUS=301 BYTES=183 UA=""-""",benign,0.5273568630218506,0.6156849563121796,3.646462202072144,5.838057994842529,1,unknown,low_confidence,needs_review,uncertain,,,
1350,"HEAD /back/bak.tar HTTP/1.1 STATUS=404 BYTES=275 UA=""-""",benign,0.5048686265945435,0.6156849563121796,3.855549573898315,5.838057994842529,1,unknown,low_confidence,needs_review,uncertain,,,
1351,"HEAD /backup/wallet.zip HTTP/1.1 STATUS=301 BYTES=184 UA=""-""",benign,0.5096912980079651,0.6156849563121796,3.595529317855835,5.838057994842529,1,unknown,low_confidence,needs_review,uncertain,,,
1353,"HEAD /backups/full_backup.zip HTTP/1.1 STATUS=301 BYTES=190 UA=""-""",benign,0.5604652762413025,0.6156849563121796,3.347750186920166,5.838057994842529,1,unknown,low_confidence,needs_review,uncertain,,,
1357,"HEAD /old/secrepo.com.zip HTTP/1.1 STATUS=301 BYTES=186 UA=""-""",benign,0.5568264722824097,0.6156849563121796,3.317793130874634,5.838057994842529,1,unknown,low_confidence,needs_review,uncertain,,,
1360,"HEAD /bak/wallet.zip HTTP/1.1 STATUS=301 BYTES=181 UA=""-""",benign,0.4885402917861938,0.6156849563121796,3.8183422088623047,5.838057994842529,1,unknown,low_confidence,needs_review,uncertain,,,
1362,"HEAD /back/public_html.rar HTTP/1.1 STATUS=404 BYTES=275 UA=""-""",benign,0.5522302985191345,0.6156849563121796,3.249704599380493,5.838057994842529,1,unknown,low_confidence,needs_review,uncertain,,,
1365,"HEAD /back/directory.tar HTTP/1.1 STATUS=404 BYTES=275 UA=""-""",benign,0.4935578107833862,0.6156849563121796,3.671386241912842,5.838057994842529,1,unknown,low_confidence,needs_review,uncertain,,,
1368,"HEAD /old/backup.sql.zip HTTP/1.1 STATUS=301 BYTES=185 UA=""-""",benign,0.5728532075881958,0.6156849563121796,3.3589205741882324,5.838057994842529,1,unknown,low_confidence,needs_review,uncertain,,,
1376,"HEAD /bak/secrepo.com.rar HTTP/1.1 STATUS=404 BYTES=275 UA=""-""",benign,0.4913201630115509,0.6156849563121796,3.578377723693848,5.838057994842529,1,unknown,low_confidence,needs_review,uncertain,,,
1389,"HEAD /restore/backup.sql.zip HTTP/1.1 STATUS=301 BYTES=189 UA=""-""",benign,0.533445417881012,0.6156849563121796,3.4793312549591064,5.838057994842529,1,unknown,low_confidence,needs_review,uncertain,,,
1409,"HEAD /bak/Archive.zip HTTP/1.1 STATUS=301 BYTES=182 UA=""-""",benign,0.515119194984436,0.6156849563121796,3.52774977684021,5.838057994842529,1,unknown,low_confidence,needs_review,uncertain,,,
1416,"HEAD /backups/directory.zip HTTP/1.1 STATUS=301 BYTES=188 UA=""-""",benign,0.5666517615318298,0.6156849563121796,3.236212015151977,5.838057994842529,1,unknown,low_confidence,needs_review,uncertain,,,
1420,"HEAD /restore/secrepo.com.zip HTTP/1.1 STATUS=301 BYTES=190 UA=""-""",benign,0.5194650292396545,0.6156849563121796,3.4212028980255127,5.838057994842529,1,unknown,low_confidence,needs_review,uncertain,,,
1422,"HEAD /old/www.gz HTTP/1.1 STATUS=301 BYTES=177 UA=""-""",benign,0.5965673327445984,0.6156849563121796,3.372860908508301,5.838057994842529,1,unknown,low_confidence,needs_review,uncertain,,,
1427,"HEAD /bak/directory.zip HTTP/1.1 STATUS=301 BYTES=184 UA=""-""",benign,0.5202013254165649,0.6156849563121796,3.595869779586792,5.838057994842529,1,unknown,low_confidence,needs_review,uncertain,,,
1429,"HEAD /www.gz HTTP/1.1 STATUS=301 BYTES=173 UA=""-""",benign,0.5718890428543091,0.6156849563121796,3.625093936920166,5.838057994842529,1,unknown,low_confidence,needs_review,uncertain,,,
1439,"HEAD /backup/directory.zip HTTP/1.1 STATUS=301 BYTES=187 UA=""-""",benign,0.5433652400970459,0.6156849563121796,3.620363712310791,5.838057994842529,1,unknown,low_confidence,needs_review,uncertain,,,
1449,"HEAD /back/archive.zip HTTP/1.1 STATUS=301 BYTES=183 UA=""-""",benign,0.5378775596618652,0.6156849563121796,3.434406518936157,5.838057994842529,1,unknown,low_confidence,needs_review,uncertain,,,
1468,"GET /self.logs/access.log.2022-12-16.gz HTTP/1.1 STATUS=200 BYTES=16732 UA=""python-requests/2.12.1""",benign,0.597031831741333,0.6156849563121796,3.409189224243164,5.838057994842529,1,unknown,low_confidence,needs_review,uncertain,,,
1489,"GET /self.logs/error.log.2019-04-23.gz HTTP/1.1 STATUS=304 BYTES=290 UA=""Mozilla/4.0 (compatible;)""",benign,0.5983884930610657,0.6156849563121796,4.031051158905029,5.838057994842529,1,unknown,low_confidence,needs_review,uncertain,,,
1492,"GET /css/style.css HTTP/1.1 STATUS=404 BYTES=301 REF=""http://www.secrepo.com/"" UA=""Mozilla/5.0 (iPhone; CPU iPhone OS 13_2_3 like Mac OS X) AppleWebKit/605.1.15 (KHTML, like Gecko) Version/13.0.3 Mobile/15E148 Safari/604.1""",benign,0.4970463812351227,0.6156849563121796,5.753634929656982,5.838057994842529,1,unknown,low_confidence,needs_review,uncertain,,,
1500,"GET /bootstrap/img/favicon.ico HTTP/1.1 STATUS=200 BYTES=679 UA=""fasthttp""",benign,0.5259591937065125,0.6156849563121796,3.686906576156616,5.838057994842529,1,unknown,low_confidence,needs_review,uncertain,,,
1501,"GET /bootstrap/img/favicon.ico HTTP/1.1 STATUS=200 BYTES=679 UA=""fasthttp""",benign,0.5259591937065125,0.6156849563121796,3.686906576156616,5.838057994842529,1,unknown,low_confidence,needs_review,uncertain,,,
1532,"GET /e/data/js/ajax.js HTTP/1.1 STATUS=404 BYTES=338 UA=""Mozilla/5.0 (Windows NT 10.0; WOW64; rv:48.0) Gecko/20100101 Firefox/48.0""",benign,0.5160962343215942,0.6156849563121796,5.573314189910889,5.838057994842529,1,unknown,low_confidence,needs_review,uncertain,,,
1537,"GET /twitter-icon.png HTTP/1.1 STATUS=200 BYTES=27903 REF=""http://www.secrepo.com/"" UA=""Mozilla/5.0 (X11; Linux x86_64) AppleWebKit/537.36 (KHTML, like Gecko) Chrome/106.0.0.0 Safari/537.36""",benign,0.5465884804725647,0.6156849563121796,5.514482498168945,5.838057994842529,1,unknown,low_confidence,needs_review,uncertain,,,
1538,"GET /GitHub-Mark.png HTTP/1.1 STATUS=200 BYTES=7566 REF=""http://www.secrepo.com/"" UA=""Mozilla/5.0 (X11; Linux x86_64) AppleWebKit/537.36 (KHTML, like Gecko) Chrome/106.0.0.0 Safari/537.36""",benign,0.5737554430961609,0.6156849563121796,5.7117462158203125,5.838057994842529,1,unknown,low_confidence,needs_review,uncertain,,,
1539,"GET /bootstrap/img/favicon.ico HTTP/1.1 STATUS=200 BYTES=700 REF=""http://www.secrepo.com/"" UA=""Mozilla/5.0 (X11; Linux x86_64) AppleWebKit/537.36 (KHTML, like Gecko) Chrome/106.0.0.0 Safari/537.36""",benign,0.5588774085044861,0.6156849563121796,5.699819564819336,5.838057994842529,1,unknown,low_confidence,needs_review,uncertain,,,
